Watching for file changes with StatReloader
[17/Sep/2026 09:13:53] "GET /api/health HTTP/1.1" 200 15
Unauthorized: /api/auth/me
[17/Sep/2026 09:14:09] "GET /api/auth/me HTTP/1.1" 401 38
Unauthorized: /api/auth/me
[17/Sep/2026 09:14:10] "GET /api/auth/me HTTP/1.1" 401 38
Forbidden (CSRF cookie not set.): /api/knowledge/pipeline
[17/Sep/2026 09:14:32] "POST /api/knowledge/pipeline HTTP/1.1" 403 2786
Forbidden (CSRF cookie not set.): /api/knowledge/pipeline
[17/Sep/2026 09:14:34] "POST /api/knowledge/pipeline HTTP/1.1" 403 2786
Forbidden (CSRF cookie not set.): /api/knowledge/pipeline
[17/Sep/2026 09:14:34] "POST /api/knowledge/pipeline HTTP/1.1" 403 2786
Forbidden (CSRF cookie not set.): /api/knowledge/pipeline
[17/Sep/2026 09:14:34] "POST /api/knowledge/pipeline HTTP/1.1" 403 2786
Forbidden (CSRF cookie not set.): /api/knowledge/pipeline
[17/Sep/2026 09:21:46] "POST /api/knowledge/pipeline HTTP/1.1" 403 2786
Forbidden (CSRF cookie not set.): /api/knowledge/pipeline
[17/Sep/2026 09:21:48] "POST /api/knowledge/pipeline HTTP/1.1" 403 2786
Forbidden (CSRF cookie not set.): /api/knowledge/pipeline
[17/Sep/2026 09:21:49] "POST /api/knowledge/pipeline HTTP/1.1" 403 2786
Forbidden (CSRF cookie not set.): /api/knowledge/pipeline
[17/Sep/2026 09:21:50] "POST /api/knowledge/pipeline HTTP/1.1" 403 2786
Forbidden (CSRF cookie not set.): /api/knowledge/pipeline
[17/Sep/2026 09:22:19] "POST /api/knowledge/pipeline HTTP/1.1" 403 2786
[17/Sep/2026 09:22:26] "GET /api/articles HTTP/1.1" 200 12
E:\Desktop\VibeCoding\ownerblog\backend\knowledge\views.py changed, reloading.
Watching for file changes with StatReloader
E:\Desktop\VibeCoding\ownerblog\backend\knowledge\views.py changed, reloading.
Watching for file changes with StatReloader
E:\Desktop\VibeCoding\ownerblog\backend\knowledge\urls.py changed, reloading.
Watching for file changes with StatReloader
E:\Desktop\VibeCoding\ownerblog\backend\knowledge\urls.py changed, reloading.
Watching for file changes with StatReloader
[17/Sep/2026 09:34:36] "GET /api/knowledge/pipeline/csrf HTTP/1.1" 200 38
[17/Sep/2026 09:34:54] "GET /api/knowledge/pipeline/csrf HTTP/1.1" 200 38
Internal Server Error: /api/knowledge/pipeline
Traceback (most recent call last):
  File "E:\Desktop\VibeCoding\ownerblog\backend\.venv\Lib\site-packages\django\db\backends\utils.py", line 105, in _execute
    return self.cursor.execute(sql, params)
           ~~~~~~~~~~~~~~~~~~~^^^^^^^^^^^^^
  File "E:\Desktop\VibeCoding\ownerblog\backend\.venv\Lib\site-packages\django\db\backends\sqlite3\base.py", line 360, in execute
    return super().execute(query, params)
           ~~~~~~~~~~~~~~~^^^^^^^^^^^^^^^
sqlite3.IntegrityError: UNIQUE constraint failed: knowledge_knowledgepipelinejob.idempotency_key

The above exception was the direct cause of the following exception:

Traceback (most recent call last):
  File "E:\Desktop\VibeCoding\ownerblog\backend\.venv\Lib\site-packages\django\core\handlers\exception.py", line 55, in inner
    response = get_response(request)
  File "E:\Desktop\VibeCoding\ownerblog\backend\.venv\Lib\site-packages\django\core\handlers\base.py", line 197, in _get_response
    response = wrapped_callback(request, *callback_args, **callback_kwargs)
  File "E:\Desktop\VibeCoding\ownerblog\backend\.venv\Lib\site-packages\django\utils\decorators.py", line 192, in _view_wrapper
    result = _process_exception(request, e)
  File "E:\Desktop\VibeCoding\ownerblog\backend\.venv\Lib\site-packages\django\utils\decorators.py", line 190, in _view_wrapper
    response = view_func(request, *args, **kwargs)
  File "E:\Desktop\VibeCoding\ownerblog\backend\.venv\Lib\site-packages\django\views\decorators\http.py", line 64, in inner
    return func(request, *args, **kwargs)
  File "E:\Desktop\VibeCoding\ownerblog\backend\knowledge\views.py", line 35, in pipeline_create
    job = KnowledgePipelineJob.objects.create(
        document=document, source_storage_key=f"knowledge/{document.public_id}/source.pdf",
    ...<2 lines>...
        idempotency_key=digest.hexdigest(),
    )
  File "E:\Desktop\VibeCoding\ownerblog\backend\.venv\Lib\site-packages\django\db\models\manager.py", line 87, in manager_method
    return getattr(self.get_queryset(), name)(*args, **kwargs)
           ~~~~~~~~~~~~~~~~~~~~~~~~~~~~~~~~~~^^^^^^^^^^^^^^^^^
  File "E:\Desktop\VibeCoding\ownerblog\backend\.venv\Lib\site-packages\django\db\models\query.py", line 665, in create
    obj.save(force_insert=True, using=self.db)
    ~~~~~~~~^^^^^^^^^^^^^^^^^^^^^^^^^^^^^^^^^^
  File "E:\Desktop\VibeCoding\ownerblog\backend\.venv\Lib\site-packages\django\db\models\base.py", line 902, in save
    self.save_base(
    ~~~~~~~~~~~~~~^
        using=using,
        ^^^^^^^^^^^^
    ...<2 lines>...
        update_fields=update_fields,
        ^^^^^^^^^^^^^^^^^^^^^^^^^^^^
    )
    ^
  File "E:\Desktop\VibeCoding\ownerblog\backend\.venv\Lib\site-packages\django\db\models\base.py", line 1008, in save_base
    updated = self._save_table(
        raw,
    ...<4 lines>...
        update_fields,
    )
  File "E:\Desktop\VibeCoding\ownerblog\backend\.venv\Lib\site-packages\django\db\models\base.py", line 1169, in _save_table
    results = self._do_insert(
        cls._base_manager, using, fields, returning_fields, raw
    )
  File "E:\Desktop\VibeCoding\ownerblog\backend\.venv\Lib\site-packages\django\db\models\base.py", line 1210, in _do_insert
    return manager._insert(
           ~~~~~~~~~~~~~~~^
        [self],
        ^^^^^^^
    ...<3 lines>...
        raw=raw,
        ^^^^^^^^
    )
    ^
  File "E:\Desktop\VibeCoding\ownerblog\backend\.venv\Lib\site-packages\django\db\models\manager.py", line 87, in manager_method
    return getattr(self.get_queryset(), name)(*args, **kwargs)
           ~~~~~~~~~~~~~~~~~~~~~~~~~~~~~~~~~~^^^^^^^^^^^^^^^^^
  File "E:\Desktop\VibeCoding\ownerblog\backend\.venv\Lib\site-packages\django\db\models\query.py", line 1873, in _insert
    return query.get_compiler(using=using).execute_sql(returning_fields)
           ~~~~~~~~~~~~~~~~~~~~~~~~~~~~~~~~~~~~~~~~~~~^^^^^^^^^^^^^^^^^^
  File "E:\Desktop\VibeCoding\ownerblog\backend\.venv\Lib\site-packages\django\db\models\sql\compiler.py", line 1882, in execute_sql
    cursor.execute(sql, params)
    ~~~~~~~~~~~~~~^^^^^^^^^^^^^
  File "E:\Desktop\VibeCoding\ownerblog\backend\.venv\Lib\site-packages\django\db\backends\utils.py", line 122, in execute
    return super().execute(sql, params)
           ~~~~~~~~~~~~~~~^^^^^^^^^^^^^
  File "E:\Desktop\VibeCoding\ownerblog\backend\.venv\Lib\site-packages\django\db\backends\utils.py", line 79, in execute
    return self._execute_with_wrappers(
           ~~~~~~~~~~~~~~~~~~~~~~~~~~~^
        sql, params, many=False, executor=self._execute
        ^^^^^^^^^^^^^^^^^^^^^^^^^^^^^^^^^^^^^^^^^^^^^^^
    )
    ^
  File "E:\Desktop\VibeCoding\ownerblog\backend\.venv\Lib\site-packages\django\db\backends\utils.py", line 92, in _execute_with_wrappers
    return executor(sql, params, many, context)
  File "E:\Desktop\VibeCoding\ownerblog\backend\.venv\Lib\site-packages\django\db\backends\utils.py", line 100, in _execute
    with self.db.wrap_database_errors:
         ^^^^^^^^^^^^^^^^^^^^^^^^^^^^
  File "E:\Desktop\VibeCoding\ownerblog\backend\.venv\Lib\site-packages\django\db\utils.py", line 91, in __exit__
    raise dj_exc_value.with_traceback(traceback) from exc_value
  File "E:\Desktop\VibeCoding\ownerblog\backend\.venv\Lib\site-packages\django\db\backends\utils.py", line 105, in _execute
    return self.cursor.execute(sql, params)
           ~~~~~~~~~~~~~~~~~~~^^^^^^^^^^^^^
  File "E:\Desktop\VibeCoding\ownerblog\backend\.venv\Lib\site-packages\django\db\backends\sqlite3\base.py", line 360, in execute
    return super().execute(query, params)
           ~~~~~~~~~~~~~~~^^^^^^^^^^^^^^^
django.db.utils.IntegrityError: UNIQUE constraint failed: knowledge_knowledgepipelinejob.idempotency_key
[17/Sep/2026 09:34:54] "POST /api/knowledge/pipeline HTTP/1.1" 500 203820
[17/Sep/2026 09:34:55] "GET /api/knowledge/pipeline/csrf HTTP/1.1" 200 38
Internal Server Error: /api/knowledge/pipeline
Traceback (most recent call last):
  File "E:\Desktop\VibeCoding\ownerblog\backend\.venv\Lib\site-packages\django\db\backends\utils.py", line 105, in _execute
    return self.cursor.execute(sql, params)
           ~~~~~~~~~~~~~~~~~~~^^^^^^^^^^^^^
  File "E:\Desktop\VibeCoding\ownerblog\backend\.venv\Lib\site-packages\django\db\backends\sqlite3\base.py", line 360, in execute
    return super().execute(query, params)
           ~~~~~~~~~~~~~~~^^^^^^^^^^^^^^^
sqlite3.IntegrityError: UNIQUE constraint failed: knowledge_knowledgepipelinejob.idempotency_key

The above exception was the direct cause of the following exception:

Traceback (most recent call last):
  File "E:\Desktop\VibeCoding\ownerblog\backend\.venv\Lib\site-packages\django\core\handlers\exception.py", line 55, in inner
    response = get_response(request)
  File "E:\Desktop\VibeCoding\ownerblog\backend\.venv\Lib\site-packages\django\core\handlers\base.py", line 197, in _get_response
    response = wrapped_callback(request, *callback_args, **callback_kwargs)
  File "E:\Desktop\VibeCoding\ownerblog\backend\.venv\Lib\site-packages\django\utils\decorators.py", line 192, in _view_wrapper
    result = _process_exception(request, e)
  File "E:\Desktop\VibeCoding\ownerblog\backend\.venv\Lib\site-packages\django\utils\decorators.py", line 190, in _view_wrapper
    response = view_func(request, *args, **kwargs)
  File "E:\Desktop\VibeCoding\ownerblog\backend\.venv\Lib\site-packages\django\views\decorators\http.py", line 64, in inner
    return func(request, *args, **kwargs)
  File "E:\Desktop\VibeCoding\ownerblog\backend\knowledge\views.py", line 35, in pipeline_create
    job = KnowledgePipelineJob.objects.create(
        document=document, source_storage_key=f"knowledge/{document.public_id}/source.pdf",
    ...<2 lines>...
        idempotency_key=digest.hexdigest(),
    )
  File "E:\Desktop\VibeCoding\ownerblog\backend\.venv\Lib\site-packages\django\db\models\manager.py", line 87, in manager_method
    return getattr(self.get_queryset(), name)(*args, **kwargs)
           ~~~~~~~~~~~~~~~~~~~~~~~~~~~~~~~~~~^^^^^^^^^^^^^^^^^
  File "E:\Desktop\VibeCoding\ownerblog\backend\.venv\Lib\site-packages\django\db\models\query.py", line 665, in create
    obj.save(force_insert=True, using=self.db)
    ~~~~~~~~^^^^^^^^^^^^^^^^^^^^^^^^^^^^^^^^^^
  File "E:\Desktop\VibeCoding\ownerblog\backend\.venv\Lib\site-packages\django\db\models\base.py", line 902, in save
    self.save_base(
    ~~~~~~~~~~~~~~^
        using=using,
        ^^^^^^^^^^^^
    ...<2 lines>...
        update_fields=update_fields,
        ^^^^^^^^^^^^^^^^^^^^^^^^^^^^
    )
    ^
  File "E:\Desktop\VibeCoding\ownerblog\backend\.venv\Lib\site-packages\django\db\models\base.py", line 1008, in save_base
    updated = self._save_table(
        raw,
    ...<4 lines>...
        update_fields,
    )
  File "E:\Desktop\VibeCoding\ownerblog\backend\.venv\Lib\site-packages\django\db\models\base.py", line 1169, in _save_table
    results = self._do_insert(
        cls._base_manager, using, fields, returning_fields, raw
    )
  File "E:\Desktop\VibeCoding\ownerblog\backend\.venv\Lib\site-packages\django\db\models\base.py", line 1210, in _do_insert
    return manager._insert(
           ~~~~~~~~~~~~~~~^
        [self],
        ^^^^^^^
    ...<3 lines>...
        raw=raw,
        ^^^^^^^^
    )
    ^
  File "E:\Desktop\VibeCoding\ownerblog\backend\.venv\Lib\site-packages\django\db\models\manager.py", line 87, in manager_method
    return getattr(self.get_queryset(), name)(*args, **kwargs)
           ~~~~~~~~~~~~~~~~~~~~~~~~~~~~~~~~~~^^^^^^^^^^^^^^^^^
  File "E:\Desktop\VibeCoding\ownerblog\backend\.venv\Lib\site-packages\django\db\models\query.py", line 1873, in _insert
    return query.get_compiler(using=using).execute_sql(returning_fields)
           ~~~~~~~~~~~~~~~~~~~~~~~~~~~~~~~~~~~~~~~~~~~^^^^^^^^^^^^^^^^^^
  File "E:\Desktop\VibeCoding\ownerblog\backend\.venv\Lib\site-packages\django\db\models\sql\compiler.py", line 1882, in execute_sql
    cursor.execute(sql, params)
    ~~~~~~~~~~~~~~^^^^^^^^^^^^^
  File "E:\Desktop\VibeCoding\ownerblog\backend\.venv\Lib\site-packages\django\db\backends\utils.py", line 122, in execute
    return super().execute(sql, params)
           ~~~~~~~~~~~~~~~^^^^^^^^^^^^^
  File "E:\Desktop\VibeCoding\ownerblog\backend\.venv\Lib\site-packages\django\db\backends\utils.py", line 79, in execute
    return self._execute_with_wrappers(
           ~~~~~~~~~~~~~~~~~~~~~~~~~~~^
        sql, params, many=False, executor=self._execute
        ^^^^^^^^^^^^^^^^^^^^^^^^^^^^^^^^^^^^^^^^^^^^^^^
    )
    ^
  File "E:\Desktop\VibeCoding\ownerblog\backend\.venv\Lib\site-packages\django\db\backends\utils.py", line 92, in _execute_with_wrappers
    return executor(sql, params, many, context)
  File "E:\Desktop\VibeCoding\ownerblog\backend\.venv\Lib\site-packages\django\db\backends\utils.py", line 100, in _execute
    with self.db.wrap_database_errors:
         ^^^^^^^^^^^^^^^^^^^^^^^^^^^^
  File "E:\Desktop\VibeCoding\ownerblog\backend\.venv\Lib\site-packages\django\db\utils.py", line 91, in __exit__
    raise dj_exc_value.with_traceback(traceback) from exc_value
  File "E:\Desktop\VibeCoding\ownerblog\backend\.venv\Lib\site-packages\django\db\backends\utils.py", line 105, in _execute
    return self.cursor.execute(sql, params)
           ~~~~~~~~~~~~~~~~~~~^^^^^^^^^^^^^
  File "E:\Desktop\VibeCoding\ownerblog\backend\.venv\Lib\site-packages\django\db\backends\sqlite3\base.py", line 360, in execute
    return super().execute(query, params)
           ~~~~~~~~~~~~~~~^^^^^^^^^^^^^^^
django.db.utils.IntegrityError: UNIQUE constraint failed: knowledge_knowledgepipelinejob.idempotency_key
[17/Sep/2026 09:34:55] "POST /api/knowledge/pipeline HTTP/1.1" 500 203820
[17/Sep/2026 09:34:56] "GET /api/knowledge/pipeline/csrf HTTP/1.1" 200 38
Internal Server Error: /api/knowledge/pipeline
Traceback (most recent call last):
  File "E:\Desktop\VibeCoding\ownerblog\backend\.venv\Lib\site-packages\django\db\backends\utils.py", line 105, in _execute
    return self.cursor.execute(sql, params)
           ~~~~~~~~~~~~~~~~~~~^^^^^^^^^^^^^
  File "E:\Desktop\VibeCoding\ownerblog\backend\.venv\Lib\site-packages\django\db\backends\sqlite3\base.py", line 360, in execute
    return super().execute(query, params)
           ~~~~~~~~~~~~~~~^^^^^^^^^^^^^^^
sqlite3.IntegrityError: UNIQUE constraint failed: knowledge_knowledgepipelinejob.idempotency_key

The above exception was the direct cause of the following exception:

Traceback (most recent call last):
  File "E:\Desktop\VibeCoding\ownerblog\backend\.venv\Lib\site-packages\django\core\handlers\exception.py", line 55, in inner
    response = get_response(request)
  File "E:\Desktop\VibeCoding\ownerblog\backend\.venv\Lib\site-packages\django\core\handlers\base.py", line 197, in _get_response
    response = wrapped_callback(request, *callback_args, **callback_kwargs)
  File "E:\Desktop\VibeCoding\ownerblog\backend\.venv\Lib\site-packages\django\utils\decorators.py", line 192, in _view_wrapper
    result = _process_exception(request, e)
  File "E:\Desktop\VibeCoding\ownerblog\backend\.venv\Lib\site-packages\django\utils\decorators.py", line 190, in _view_wrapper
    response = view_func(request, *args, **kwargs)
  File "E:\Desktop\VibeCoding\ownerblog\backend\.venv\Lib\site-packages\django\views\decorators\http.py", line 64, in inner
    return func(request, *args, **kwargs)
  File "E:\Desktop\VibeCoding\ownerblog\backend\knowledge\views.py", line 35, in pipeline_create
    job = KnowledgePipelineJob.objects.create(
        document=document, source_storage_key=f"knowledge/{document.public_id}/source.pdf",
    ...<2 lines>...
        idempotency_key=digest.hexdigest(),
    )
  File "E:\Desktop\VibeCoding\ownerblog\backend\.venv\Lib\site-packages\django\db\models\manager.py", line 87, in manager_method
    return getattr(self.get_queryset(), name)(*args, **kwargs)
           ~~~~~~~~~~~~~~~~~~~~~~~~~~~~~~~~~~^^^^^^^^^^^^^^^^^
  File "E:\Desktop\VibeCoding\ownerblog\backend\.venv\Lib\site-packages\django\db\models\query.py", line 665, in create
    obj.save(force_insert=True, using=self.db)
    ~~~~~~~~^^^^^^^^^^^^^^^^^^^^^^^^^^^^^^^^^^
  File "E:\Desktop\VibeCoding\ownerblog\backend\.venv\Lib\site-packages\django\db\models\base.py", line 902, in save
    self.save_base(
    ~~~~~~~~~~~~~~^
        using=using,
        ^^^^^^^^^^^^
    ...<2 lines>...
        update_fields=update_fields,
        ^^^^^^^^^^^^^^^^^^^^^^^^^^^^
    )
    ^
  File "E:\Desktop\VibeCoding\ownerblog\backend\.venv\Lib\site-packages\django\db\models\base.py", line 1008, in save_base
    updated = self._save_table(
        raw,
    ...<4 lines>...
        update_fields,
    )
  File "E:\Desktop\VibeCoding\ownerblog\backend\.venv\Lib\site-packages\django\db\models\base.py", line 1169, in _save_table
    results = self._do_insert(
        cls._base_manager, using, fields, returning_fields, raw
    )
  File "E:\Desktop\VibeCoding\ownerblog\backend\.venv\Lib\site-packages\django\db\models\base.py", line 1210, in _do_insert
    return manager._insert(
           ~~~~~~~~~~~~~~~^
        [self],
        ^^^^^^^
    ...<3 lines>...
        raw=raw,
        ^^^^^^^^
    )
    ^
  File "E:\Desktop\VibeCoding\ownerblog\backend\.venv\Lib\site-packages\django\db\models\manager.py", line 87, in manager_method
    return getattr(self.get_queryset(), name)(*args, **kwargs)
           ~~~~~~~~~~~~~~~~~~~~~~~~~~~~~~~~~~^^^^^^^^^^^^^^^^^
  File "E:\Desktop\VibeCoding\ownerblog\backend\.venv\Lib\site-packages\django\db\models\query.py", line 1873, in _insert
    return query.get_compiler(using=using).execute_sql(returning_fields)
           ~~~~~~~~~~~~~~~~~~~~~~~~~~~~~~~~~~~~~~~~~~~^^^^^^^^^^^^^^^^^^
  File "E:\Desktop\VibeCoding\ownerblog\backend\.venv\Lib\site-packages\django\db\models\sql\compiler.py", line 1882, in execute_sql
    cursor.execute(sql, params)
    ~~~~~~~~~~~~~~^^^^^^^^^^^^^
  File "E:\Desktop\VibeCoding\ownerblog\backend\.venv\Lib\site-packages\django\db\backends\utils.py", line 122, in execute
    return super().execute(sql, params)
           ~~~~~~~~~~~~~~~^^^^^^^^^^^^^
  File "E:\Desktop\VibeCoding\ownerblog\backend\.venv\Lib\site-packages\django\db\backends\utils.py", line 79, in execute
    return self._execute_with_wrappers(
           ~~~~~~~~~~~~~~~~~~~~~~~~~~~^
        sql, params, many=False, executor=self._execute
        ^^^^^^^^^^^^^^^^^^^^^^^^^^^^^^^^^^^^^^^^^^^^^^^
    )
    ^
  File "E:\Desktop\VibeCoding\ownerblog\backend\.venv\Lib\site-packages\django\db\backends\utils.py", line 92, in _execute_with_wrappers
    return executor(sql, params, many, context)
  File "E:\Desktop\VibeCoding\ownerblog\backend\.venv\Lib\site-packages\django\db\backends\utils.py", line 100, in _execute
    with self.db.wrap_database_errors:
         ^^^^^^^^^^^^^^^^^^^^^^^^^^^^
  File "E:\Desktop\VibeCoding\ownerblog\backend\.venv\Lib\site-packages\django\db\utils.py", line 91, in __exit__
    raise dj_exc_value.with_traceback(traceback) from exc_value
  File "E:\Desktop\VibeCoding\ownerblog\backend\.venv\Lib\site-packages\django\db\backends\utils.py", line 105, in _execute
    return self.cursor.execute(sql, params)
           ~~~~~~~~~~~~~~~~~~~^^^^^^^^^^^^^
  File "E:\Desktop\VibeCoding\ownerblog\backend\.venv\Lib\site-packages\django\db\backends\sqlite3\base.py", line 360, in execute
    return super().execute(query, params)
           ~~~~~~~~~~~~~~~^^^^^^^^^^^^^^^
django.db.utils.IntegrityError: UNIQUE constraint failed: knowledge_knowledgepipelinejob.idempotency_key
[17/Sep/2026 09:34:56] "POST /api/knowledge/pipeline HTTP/1.1" 500 203820
[17/Sep/2026 09:34:56] "GET /api/knowledge/pipeline/csrf HTTP/1.1" 200 38
Internal Server Error: /api/knowledge/pipeline
Traceback (most recent call last):
  File "E:\Desktop\VibeCoding\ownerblog\backend\.venv\Lib\site-packages\django\db\backends\utils.py", line 105, in _execute
    return self.cursor.execute(sql, params)
           ~~~~~~~~~~~~~~~~~~~^^^^^^^^^^^^^
  File "E:\Desktop\VibeCoding\ownerblog\backend\.venv\Lib\site-packages\django\db\backends\sqlite3\base.py", line 360, in execute
    return super().execute(query, params)
           ~~~~~~~~~~~~~~~^^^^^^^^^^^^^^^
sqlite3.IntegrityError: UNIQUE constraint failed: knowledge_knowledgepipelinejob.idempotency_key

The above exception was the direct cause of the following exception:

Traceback (most recent call last):
  File "E:\Desktop\VibeCoding\ownerblog\backend\.venv\Lib\site-packages\django\core\handlers\exception.py", line 55, in inner
    response = get_response(request)
  File "E:\Desktop\VibeCoding\ownerblog\backend\.venv\Lib\site-packages\django\core\handlers\base.py", line 197, in _get_response
    response = wrapped_callback(request, *callback_args, **callback_kwargs)
  File "E:\Desktop\VibeCoding\ownerblog\backend\.venv\Lib\site-packages\django\utils\decorators.py", line 192, in _view_wrapper
    result = _process_exception(request, e)
  File "E:\Desktop\VibeCoding\ownerblog\backend\.venv\Lib\site-packages\django\utils\decorators.py", line 190, in _view_wrapper
    response = view_func(request, *args, **kwargs)
  File "E:\Desktop\VibeCoding\ownerblog\backend\.venv\Lib\site-packages\django\views\decorators\http.py", line 64, in inner
    return func(request, *args, **kwargs)
  File "E:\Desktop\VibeCoding\ownerblog\backend\knowledge\views.py", line 35, in pipeline_create
    job = KnowledgePipelineJob.objects.create(
        document=document, source_storage_key=f"knowledge/{document.public_id}/source.pdf",
    ...<2 lines>...
        idempotency_key=digest.hexdigest(),
    )
  File "E:\Desktop\VibeCoding\ownerblog\backend\.venv\Lib\site-packages\django\db\models\manager.py", line 87, in manager_method
    return getattr(self.get_queryset(), name)(*args, **kwargs)
           ~~~~~~~~~~~~~~~~~~~~~~~~~~~~~~~~~~^^^^^^^^^^^^^^^^^
  File "E:\Desktop\VibeCoding\ownerblog\backend\.venv\Lib\site-packages\django\db\models\query.py", line 665, in create
    obj.save(force_insert=True, using=self.db)
    ~~~~~~~~^^^^^^^^^^^^^^^^^^^^^^^^^^^^^^^^^^
  File "E:\Desktop\VibeCoding\ownerblog\backend\.venv\Lib\site-packages\django\db\models\base.py", line 902, in save
    self.save_base(
    ~~~~~~~~~~~~~~^
        using=using,
        ^^^^^^^^^^^^
    ...<2 lines>...
        update_fields=update_fields,
        ^^^^^^^^^^^^^^^^^^^^^^^^^^^^
    )
    ^
  File "E:\Desktop\VibeCoding\ownerblog\backend\.venv\Lib\site-packages\django\db\models\base.py", line 1008, in save_base
    updated = self._save_table(
        raw,
    ...<4 lines>...
        update_fields,
    )
  File "E:\Desktop\VibeCoding\ownerblog\backend\.venv\Lib\site-packages\django\db\models\base.py", line 1169, in _save_table
    results = self._do_insert(
        cls._base_manager, using, fields, returning_fields, raw
    )
  File "E:\Desktop\VibeCoding\ownerblog\backend\.venv\Lib\site-packages\django\db\models\base.py", line 1210, in _do_insert
    return manager._insert(
           ~~~~~~~~~~~~~~~^
        [self],
        ^^^^^^^
    ...<3 lines>...
        raw=raw,
        ^^^^^^^^
    )
    ^
  File "E:\Desktop\VibeCoding\ownerblog\backend\.venv\Lib\site-packages\django\db\models\manager.py", line 87, in manager_method
    return getattr(self.get_queryset(), name)(*args, **kwargs)
           ~~~~~~~~~~~~~~~~~~~~~~~~~~~~~~~~~~^^^^^^^^^^^^^^^^^
  File "E:\Desktop\VibeCoding\ownerblog\backend\.venv\Lib\site-packages\django\db\models\query.py", line 1873, in _insert
    return query.get_compiler(using=using).execute_sql(returning_fields)
           ~~~~~~~~~~~~~~~~~~~~~~~~~~~~~~~~~~~~~~~~~~~^^^^^^^^^^^^^^^^^^
  File "E:\Desktop\VibeCoding\ownerblog\backend\.venv\Lib\site-packages\django\db\models\sql\compiler.py", line 1882, in execute_sql
    cursor.execute(sql, params)
    ~~~~~~~~~~~~~~^^^^^^^^^^^^^
  File "E:\Desktop\VibeCoding\ownerblog\backend\.venv\Lib\site-packages\django\db\backends\utils.py", line 122, in execute
    return super().execute(sql, params)
           ~~~~~~~~~~~~~~~^^^^^^^^^^^^^
  File "E:\Desktop\VibeCoding\ownerblog\backend\.venv\Lib\site-packages\django\db\backends\utils.py", line 79, in execute
    return self._execute_with_wrappers(
           ~~~~~~~~~~~~~~~~~~~~~~~~~~~^
        sql, params, many=False, executor=self._execute
        ^^^^^^^^^^^^^^^^^^^^^^^^^^^^^^^^^^^^^^^^^^^^^^^
    )
    ^
  File "E:\Desktop\VibeCoding\ownerblog\backend\.venv\Lib\site-packages\django\db\backends\utils.py", line 92, in _execute_with_wrappers
    return executor(sql, params, many, context)
  File "E:\Desktop\VibeCoding\ownerblog\backend\.venv\Lib\site-packages\django\db\backends\utils.py", line 100, in _execute
    with self.db.wrap_database_errors:
         ^^^^^^^^^^^^^^^^^^^^^^^^^^^^
  File "E:\Desktop\VibeCoding\ownerblog\backend\.venv\Lib\site-packages\django\db\utils.py", line 91, in __exit__
    raise dj_exc_value.with_traceback(traceback) from exc_value
  File "E:\Desktop\VibeCoding\ownerblog\backend\.venv\Lib\site-packages\django\db\backends\utils.py", line 105, in _execute
    return self.cursor.execute(sql, params)
           ~~~~~~~~~~~~~~~~~~~^^^^^^^^^^^^^
  File "E:\Desktop\VibeCoding\ownerblog\backend\.venv\Lib\site-packages\django\db\backends\sqlite3\base.py", line 360, in execute
    return super().execute(query, params)
           ~~~~~~~~~~~~~~~^^^^^^^^^^^^^^^
django.db.utils.IntegrityError: UNIQUE constraint failed: knowledge_knowledgepipelinejob.idempotency_key
[17/Sep/2026 09:34:56] "POST /api/knowledge/pipeline HTTP/1.1" 500 203820
[17/Sep/2026 09:34:56] "GET /api/knowledge/pipeline/csrf HTTP/1.1" 200 38
Internal Server Error: /api/knowledge/pipeline
Traceback (most recent call last):
  File "E:\Desktop\VibeCoding\ownerblog\backend\.venv\Lib\site-packages\django\db\backends\utils.py", line 105, in _execute
    return self.cursor.execute(sql, params)
           ~~~~~~~~~~~~~~~~~~~^^^^^^^^^^^^^
  File "E:\Desktop\VibeCoding\ownerblog\backend\.venv\Lib\site-packages\django\db\backends\sqlite3\base.py", line 360, in execute
    return super().execute(query, params)
           ~~~~~~~~~~~~~~~^^^^^^^^^^^^^^^
sqlite3.IntegrityError: UNIQUE constraint failed: knowledge_knowledgepipelinejob.idempotency_key

The above exception was the direct cause of the following exception:

Traceback (most recent call last):
  File "E:\Desktop\VibeCoding\ownerblog\backend\.venv\Lib\site-packages\django\core\handlers\exception.py", line 55, in inner
    response = get_response(request)
  File "E:\Desktop\VibeCoding\ownerblog\backend\.venv\Lib\site-packages\django\core\handlers\base.py", line 197, in _get_response
    response = wrapped_callback(request, *callback_args, **callback_kwargs)
  File "E:\Desktop\VibeCoding\ownerblog\backend\.venv\Lib\site-packages\django\utils\decorators.py", line 192, in _view_wrapper
    result = _process_exception(request, e)
  File "E:\Desktop\VibeCoding\ownerblog\backend\.venv\Lib\site-packages\django\utils\decorators.py", line 190, in _view_wrapper
    response = view_func(request, *args, **kwargs)
  File "E:\Desktop\VibeCoding\ownerblog\backend\.venv\Lib\site-packages\django\views\decorators\http.py", line 64, in inner
    return func(request, *args, **kwargs)
  File "E:\Desktop\VibeCoding\ownerblog\backend\knowledge\views.py", line 35, in pipeline_create
    job = KnowledgePipelineJob.objects.create(
        document=document, source_storage_key=f"knowledge/{document.public_id}/source.pdf",
    ...<2 lines>...
        idempotency_key=digest.hexdigest(),
    )
  File "E:\Desktop\VibeCoding\ownerblog\backend\.venv\Lib\site-packages\django\db\models\manager.py", line 87, in manager_method
    return getattr(self.get_queryset(), name)(*args, **kwargs)
           ~~~~~~~~~~~~~~~~~~~~~~~~~~~~~~~~~~^^^^^^^^^^^^^^^^^
  File "E:\Desktop\VibeCoding\ownerblog\backend\.venv\Lib\site-packages\django\db\models\query.py", line 665, in create
    obj.save(force_insert=True, using=self.db)
    ~~~~~~~~^^^^^^^^^^^^^^^^^^^^^^^^^^^^^^^^^^
  File "E:\Desktop\VibeCoding\ownerblog\backend\.venv\Lib\site-packages\django\db\models\base.py", line 902, in save
    self.save_base(
    ~~~~~~~~~~~~~~^
        using=using,
        ^^^^^^^^^^^^
    ...<2 lines>...
        update_fields=update_fields,
        ^^^^^^^^^^^^^^^^^^^^^^^^^^^^
    )
    ^
  File "E:\Desktop\VibeCoding\ownerblog\backend\.venv\Lib\site-packages\django\db\models\base.py", line 1008, in save_base
    updated = self._save_table(
        raw,
    ...<4 lines>...
        update_fields,
    )
  File "E:\Desktop\VibeCoding\ownerblog\backend\.venv\Lib\site-packages\django\db\models\base.py", line 1169, in _save_table
    results = self._do_insert(
        cls._base_manager, using, fields, returning_fields, raw
    )
  File "E:\Desktop\VibeCoding\ownerblog\backend\.venv\Lib\site-packages\django\db\models\base.py", line 1210, in _do_insert
    return manager._insert(
           ~~~~~~~~~~~~~~~^
        [self],
        ^^^^^^^
    ...<3 lines>...
        raw=raw,
        ^^^^^^^^
    )
    ^
  File "E:\Desktop\VibeCoding\ownerblog\backend\.venv\Lib\site-packages\django\db\models\manager.py", line 87, in manager_method
    return getattr(self.get_queryset(), name)(*args, **kwargs)
           ~~~~~~~~~~~~~~~~~~~~~~~~~~~~~~~~~~^^^^^^^^^^^^^^^^^
  File "E:\Desktop\VibeCoding\ownerblog\backend\.venv\Lib\site-packages\django\db\models\query.py", line 1873, in _insert
    return query.get_compiler(using=using).execute_sql(returning_fields)
           ~~~~~~~~~~~~~~~~~~~~~~~~~~~~~~~~~~~~~~~~~~~^^^^^^^^^^^^^^^^^^
  File "E:\Desktop\VibeCoding\ownerblog\backend\.venv\Lib\site-packages\django\db\models\sql\compiler.py", line 1882, in execute_sql
    cursor.execute(sql, params)
    ~~~~~~~~~~~~~~^^^^^^^^^^^^^
  File "E:\Desktop\VibeCoding\ownerblog\backend\.venv\Lib\site-packages\django\db\backends\utils.py", line 122, in execute
    return super().execute(sql, params)
           ~~~~~~~~~~~~~~~^^^^^^^^^^^^^
  File "E:\Desktop\VibeCoding\ownerblog\backend\.venv\Lib\site-packages\django\db\backends\utils.py", line 79, in execute
    return self._execute_with_wrappers(
           ~~~~~~~~~~~~~~~~~~~~~~~~~~~^
        sql, params, many=False, executor=self._execute
        ^^^^^^^^^^^^^^^^^^^^^^^^^^^^^^^^^^^^^^^^^^^^^^^
    )
    ^
  File "E:\Desktop\VibeCoding\ownerblog\backend\.venv\Lib\site-packages\django\db\backends\utils.py", line 92, in _execute_with_wrappers
    return executor(sql, params, many, context)
  File "E:\Desktop\VibeCoding\ownerblog\backend\.venv\Lib\site-packages\django\db\backends\utils.py", line 100, in _execute
    with self.db.wrap_database_errors:
         ^^^^^^^^^^^^^^^^^^^^^^^^^^^^
  File "E:\Desktop\VibeCoding\ownerblog\backend\.venv\Lib\site-packages\django\db\utils.py", line 91, in __exit__
    raise dj_exc_value.with_traceback(traceback) from exc_value
  File "E:\Desktop\VibeCoding\ownerblog\backend\.venv\Lib\site-packages\django\db\backends\utils.py", line 105, in _execute
    return self.cursor.execute(sql, params)
           ~~~~~~~~~~~~~~~~~~~^^^^^^^^^^^^^
  File "E:\Desktop\VibeCoding\ownerblog\backend\.venv\Lib\site-packages\django\db\backends\sqlite3\base.py", line 360, in execute
    return super().execute(query, params)
           ~~~~~~~~~~~~~~~^^^^^^^^^^^^^^^
django.db.utils.IntegrityError: UNIQUE constraint failed: knowledge_knowledgepipelinejob.idempotency_key
[17/Sep/2026 09:34:56] "POST /api/knowledge/pipeline HTTP/1.1" 500 203820
[17/Sep/2026 09:35:02] "GET /api/knowledge/pipeline/csrf HTTP/1.1" 200 38
Internal Server Error: /api/knowledge/pipeline
Traceback (most recent call last):
  File "E:\Desktop\VibeCoding\ownerblog\backend\.venv\Lib\site-packages\django\db\backends\utils.py", line 105, in _execute
    return self.cursor.execute(sql, params)
           ~~~~~~~~~~~~~~~~~~~^^^^^^^^^^^^^
  File "E:\Desktop\VibeCoding\ownerblog\backend\.venv\Lib\site-packages\django\db\backends\sqlite3\base.py", line 360, in execute
    return super().execute(query, params)
           ~~~~~~~~~~~~~~~^^^^^^^^^^^^^^^
sqlite3.IntegrityError: UNIQUE constraint failed: knowledge_knowledgepipelinejob.idempotency_key

The above exception was the direct cause of the following exception:

Traceback (most recent call last):
  File "E:\Desktop\VibeCoding\ownerblog\backend\.venv\Lib\site-packages\django\core\handlers\exception.py", line 55, in inner
    response = get_response(request)
  File "E:\Desktop\VibeCoding\ownerblog\backend\.venv\Lib\site-packages\django\core\handlers\base.py", line 197, in _get_response
    response = wrapped_callback(request, *callback_args, **callback_kwargs)
  File "E:\Desktop\VibeCoding\ownerblog\backend\.venv\Lib\site-packages\django\utils\decorators.py", line 192, in _view_wrapper
    result = _process_exception(request, e)
  File "E:\Desktop\VibeCoding\ownerblog\backend\.venv\Lib\site-packages\django\utils\decorators.py", line 190, in _view_wrapper
    response = view_func(request, *args, **kwargs)
  File "E:\Desktop\VibeCoding\ownerblog\backend\.venv\Lib\site-packages\django\views\decorators\http.py", line 64, in inner
    return func(request, *args, **kwargs)
  File "E:\Desktop\VibeCoding\ownerblog\backend\knowledge\views.py", line 35, in pipeline_create
    job = KnowledgePipelineJob.objects.create(
        document=document, source_storage_key=f"knowledge/{document.public_id}/source.pdf",
    ...<2 lines>...
        idempotency_key=digest.hexdigest(),
    )
  File "E:\Desktop\VibeCoding\ownerblog\backend\.venv\Lib\site-packages\django\db\models\manager.py", line 87, in manager_method
    return getattr(self.get_queryset(), name)(*args, **kwargs)
           ~~~~~~~~~~~~~~~~~~~~~~~~~~~~~~~~~~^^^^^^^^^^^^^^^^^
  File "E:\Desktop\VibeCoding\ownerblog\backend\.venv\Lib\site-packages\django\db\models\query.py", line 665, in create
    obj.save(force_insert=True, using=self.db)
    ~~~~~~~~^^^^^^^^^^^^^^^^^^^^^^^^^^^^^^^^^^
  File "E:\Desktop\VibeCoding\ownerblog\backend\.venv\Lib\site-packages\django\db\models\base.py", line 902, in save
    self.save_base(
    ~~~~~~~~~~~~~~^
        using=using,
        ^^^^^^^^^^^^
    ...<2 lines>...
        update_fields=update_fields,
        ^^^^^^^^^^^^^^^^^^^^^^^^^^^^
    )
    ^
  File "E:\Desktop\VibeCoding\ownerblog\backend\.venv\Lib\site-packages\django\db\models\base.py", line 1008, in save_base
    updated = self._save_table(
        raw,
    ...<4 lines>...
        update_fields,
    )
  File "E:\Desktop\VibeCoding\ownerblog\backend\.venv\Lib\site-packages\django\db\models\base.py", line 1169, in _save_table
    results = self._do_insert(
        cls._base_manager, using, fields, returning_fields, raw
    )
  File "E:\Desktop\VibeCoding\ownerblog\backend\.venv\Lib\site-packages\django\db\models\base.py", line 1210, in _do_insert
    return manager._insert(
           ~~~~~~~~~~~~~~~^
        [self],
        ^^^^^^^
    ...<3 lines>...
        raw=raw,
        ^^^^^^^^
    )
    ^
  File "E:\Desktop\VibeCoding\ownerblog\backend\.venv\Lib\site-packages\django\db\models\manager.py", line 87, in manager_method
    return getattr(self.get_queryset(), name)(*args, **kwargs)
           ~~~~~~~~~~~~~~~~~~~~~~~~~~~~~~~~~~^^^^^^^^^^^^^^^^^
  File "E:\Desktop\VibeCoding\ownerblog\backend\.venv\Lib\site-packages\django\db\models\query.py", line 1873, in _insert
    return query.get_compiler(using=using).execute_sql(returning_fields)
           ~~~~~~~~~~~~~~~~~~~~~~~~~~~~~~~~~~~~~~~~~~~^^^^^^^^^^^^^^^^^^
  File "E:\Desktop\VibeCoding\ownerblog\backend\.venv\Lib\site-packages\django\db\models\sql\compiler.py", line 1882, in execute_sql
    cursor.execute(sql, params)
    ~~~~~~~~~~~~~~^^^^^^^^^^^^^
  File "E:\Desktop\VibeCoding\ownerblog\backend\.venv\Lib\site-packages\django\db\backends\utils.py", line 122, in execute
    return super().execute(sql, params)
           ~~~~~~~~~~~~~~~^^^^^^^^^^^^^
  File "E:\Desktop\VibeCoding\ownerblog\backend\.venv\Lib\site-packages\django\db\backends\utils.py", line 79, in execute
    return self._execute_with_wrappers(
           ~~~~~~~~~~~~~~~~~~~~~~~~~~~^
        sql, params, many=False, executor=self._execute
        ^^^^^^^^^^^^^^^^^^^^^^^^^^^^^^^^^^^^^^^^^^^^^^^
    )
    ^
  File "E:\Desktop\VibeCoding\ownerblog\backend\.venv\Lib\site-packages\django\db\backends\utils.py", line 92, in _execute_with_wrappers
    return executor(sql, params, many, context)
  File "E:\Desktop\VibeCoding\ownerblog\backend\.venv\Lib\site-packages\django\db\backends\utils.py", line 100, in _execute
    with self.db.wrap_database_errors:
         ^^^^^^^^^^^^^^^^^^^^^^^^^^^^
  File "E:\Desktop\VibeCoding\ownerblog\backend\.venv\Lib\site-packages\django\db\utils.py", line 91, in __exit__
    raise dj_exc_value.with_traceback(traceback) from exc_value
  File "E:\Desktop\VibeCoding\ownerblog\backend\.venv\Lib\site-packages\django\db\backends\utils.py", line 105, in _execute
    return self.cursor.execute(sql, params)
           ~~~~~~~~~~~~~~~~~~~^^^^^^^^^^^^^
  File "E:\Desktop\VibeCoding\ownerblog\backend\.venv\Lib\site-packages\django\db\backends\sqlite3\base.py", line 360, in execute
    return super().execute(query, params)
           ~~~~~~~~~~~~~~~^^^^^^^^^^^^^^^
django.db.utils.IntegrityError: UNIQUE constraint failed: knowledge_knowledgepipelinejob.idempotency_key
[17/Sep/2026 09:35:02] "POST /api/knowledge/pipeline HTTP/1.1" 500 203820
[17/Sep/2026 09:35:02] "GET /api/knowledge/pipeline/csrf HTTP/1.1" 200 38
Internal Server Error: /api/knowledge/pipeline
Traceback (most recent call last):
  File "E:\Desktop\VibeCoding\ownerblog\backend\.venv\Lib\site-packages\django\db\backends\utils.py", line 105, in _execute
    return self.cursor.execute(sql, params)
           ~~~~~~~~~~~~~~~~~~~^^^^^^^^^^^^^
  File "E:\Desktop\VibeCoding\ownerblog\backend\.venv\Lib\site-packages\django\db\backends\sqlite3\base.py", line 360, in execute
    return super().execute(query, params)
           ~~~~~~~~~~~~~~~^^^^^^^^^^^^^^^
sqlite3.IntegrityError: UNIQUE constraint failed: knowledge_knowledgepipelinejob.idempotency_key

The above exception was the direct cause of the following exception:

Traceback (most recent call last):
  File "E:\Desktop\VibeCoding\ownerblog\backend\.venv\Lib\site-packages\django\core\handlers\exception.py", line 55, in inner
    response = get_response(request)
  File "E:\Desktop\VibeCoding\ownerblog\backend\.venv\Lib\site-packages\django\core\handlers\base.py", line 197, in _get_response
    response = wrapped_callback(request, *callback_args, **callback_kwargs)
  File "E:\Desktop\VibeCoding\ownerblog\backend\.venv\Lib\site-packages\django\utils\decorators.py", line 192, in _view_wrapper
    result = _process_exception(request, e)
  File "E:\Desktop\VibeCoding\ownerblog\backend\.venv\Lib\site-packages\django\utils\decorators.py", line 190, in _view_wrapper
    response = view_func(request, *args, **kwargs)
  File "E:\Desktop\VibeCoding\ownerblog\backend\.venv\Lib\site-packages\django\views\decorators\http.py", line 64, in inner
    return func(request, *args, **kwargs)
  File "E:\Desktop\VibeCoding\ownerblog\backend\knowledge\views.py", line 35, in pipeline_create
    job = KnowledgePipelineJob.objects.create(
        document=document, source_storage_key=f"knowledge/{document.public_id}/source.pdf",
    ...<2 lines>...
        idempotency_key=digest.hexdigest(),
    )
  File "E:\Desktop\VibeCoding\ownerblog\backend\.venv\Lib\site-packages\django\db\models\manager.py", line 87, in manager_method
    return getattr(self.get_queryset(), name)(*args, **kwargs)
           ~~~~~~~~~~~~~~~~~~~~~~~~~~~~~~~~~~^^^^^^^^^^^^^^^^^
  File "E:\Desktop\VibeCoding\ownerblog\backend\.venv\Lib\site-packages\django\db\models\query.py", line 665, in create
    obj.save(force_insert=True, using=self.db)
    ~~~~~~~~^^^^^^^^^^^^^^^^^^^^^^^^^^^^^^^^^^
  File "E:\Desktop\VibeCoding\ownerblog\backend\.venv\Lib\site-packages\django\db\models\base.py", line 902, in save
    self.save_base(
    ~~~~~~~~~~~~~~^
        using=using,
        ^^^^^^^^^^^^
    ...<2 lines>...
        update_fields=update_fields,
        ^^^^^^^^^^^^^^^^^^^^^^^^^^^^
    )
    ^
  File "E:\Desktop\VibeCoding\ownerblog\backend\.venv\Lib\site-packages\django\db\models\base.py", line 1008, in save_base
    updated = self._save_table(
        raw,
    ...<4 lines>...
        update_fields,
    )
  File "E:\Desktop\VibeCoding\ownerblog\backend\.venv\Lib\site-packages\django\db\models\base.py", line 1169, in _save_table
    results = self._do_insert(
        cls._base_manager, using, fields, returning_fields, raw
    )
  File "E:\Desktop\VibeCoding\ownerblog\backend\.venv\Lib\site-packages\django\db\models\base.py", line 1210, in _do_insert
    return manager._insert(
           ~~~~~~~~~~~~~~~^
        [self],
        ^^^^^^^
    ...<3 lines>...
        raw=raw,
        ^^^^^^^^
    )
    ^
  File "E:\Desktop\VibeCoding\ownerblog\backend\.venv\Lib\site-packages\django\db\models\manager.py", line 87, in manager_method
    return getattr(self.get_queryset(), name)(*args, **kwargs)
           ~~~~~~~~~~~~~~~~~~~~~~~~~~~~~~~~~~^^^^^^^^^^^^^^^^^
  File "E:\Desktop\VibeCoding\ownerblog\backend\.venv\Lib\site-packages\django\db\models\query.py", line 1873, in _insert
    return query.get_compiler(using=using).execute_sql(returning_fields)
           ~~~~~~~~~~~~~~~~~~~~~~~~~~~~~~~~~~~~~~~~~~~^^^^^^^^^^^^^^^^^^
  File "E:\Desktop\VibeCoding\ownerblog\backend\.venv\Lib\site-packages\django\db\models\sql\compiler.py", line 1882, in execute_sql
    cursor.execute(sql, params)
    ~~~~~~~~~~~~~~^^^^^^^^^^^^^
  File "E:\Desktop\VibeCoding\ownerblog\backend\.venv\Lib\site-packages\django\db\backends\utils.py", line 122, in execute
    return super().execute(sql, params)
           ~~~~~~~~~~~~~~~^^^^^^^^^^^^^
  File "E:\Desktop\VibeCoding\ownerblog\backend\.venv\Lib\site-packages\django\db\backends\utils.py", line 79, in execute
    return self._execute_with_wrappers(
           ~~~~~~~~~~~~~~~~~~~~~~~~~~~^
        sql, params, many=False, executor=self._execute
        ^^^^^^^^^^^^^^^^^^^^^^^^^^^^^^^^^^^^^^^^^^^^^^^
    )
    ^
  File "E:\Desktop\VibeCoding\ownerblog\backend\.venv\Lib\site-packages\django\db\backends\utils.py", line 92, in _execute_with_wrappers
    return executor(sql, params, many, context)
  File "E:\Desktop\VibeCoding\ownerblog\backend\.venv\Lib\site-packages\django\db\backends\utils.py", line 100, in _execute
    with self.db.wrap_database_errors:
         ^^^^^^^^^^^^^^^^^^^^^^^^^^^^
  File "E:\Desktop\VibeCoding\ownerblog\backend\.venv\Lib\site-packages\django\db\utils.py", line 91, in __exit__
    raise dj_exc_value.with_traceback(traceback) from exc_value
  File "E:\Desktop\VibeCoding\ownerblog\backend\.venv\Lib\site-packages\django\db\backends\utils.py", line 105, in _execute
    return self.cursor.execute(sql, params)
           ~~~~~~~~~~~~~~~~~~~^^^^^^^^^^^^^
  File "E:\Desktop\VibeCoding\ownerblog\backend\.venv\Lib\site-packages\django\db\backends\sqlite3\base.py", line 360, in execute
    return super().execute(query, params)
           ~~~~~~~~~~~~~~~^^^^^^^^^^^^^^^
django.db.utils.IntegrityError: UNIQUE constraint failed: knowledge_knowledgepipelinejob.idempotency_key
[17/Sep/2026 09:35:02] "POST /api/knowledge/pipeline HTTP/1.1" 500 203820
[17/Sep/2026 09:35:03] "GET /api/knowledge/pipeline/csrf HTTP/1.1" 200 38
Internal Server Error: /api/knowledge/pipeline
Traceback (most recent call last):
  File "E:\Desktop\VibeCoding\ownerblog\backend\.venv\Lib\site-packages\django\db\backends\utils.py", line 105, in _execute
    return self.cursor.execute(sql, params)
           ~~~~~~~~~~~~~~~~~~~^^^^^^^^^^^^^
  File "E:\Desktop\VibeCoding\ownerblog\backend\.venv\Lib\site-packages\django\db\backends\sqlite3\base.py", line 360, in execute
    return super().execute(query, params)
           ~~~~~~~~~~~~~~~^^^^^^^^^^^^^^^
sqlite3.IntegrityError: UNIQUE constraint failed: knowledge_knowledgepipelinejob.idempotency_key

The above exception was the direct cause of the following exception:

Traceback (most recent call last):
  File "E:\Desktop\VibeCoding\ownerblog\backend\.venv\Lib\site-packages\django\core\handlers\exception.py", line 55, in inner
    response = get_response(request)
  File "E:\Desktop\VibeCoding\ownerblog\backend\.venv\Lib\site-packages\django\core\handlers\base.py", line 197, in _get_response
    response = wrapped_callback(request, *callback_args, **callback_kwargs)
  File "E:\Desktop\VibeCoding\ownerblog\backend\.venv\Lib\site-packages\django\utils\decorators.py", line 192, in _view_wrapper
    result = _process_exception(request, e)
  File "E:\Desktop\VibeCoding\ownerblog\backend\.venv\Lib\site-packages\django\utils\decorators.py", line 190, in _view_wrapper
    response = view_func(request, *args, **kwargs)
  File "E:\Desktop\VibeCoding\ownerblog\backend\.venv\Lib\site-packages\django\views\decorators\http.py", line 64, in inner
    return func(request, *args, **kwargs)
  File "E:\Desktop\VibeCoding\ownerblog\backend\knowledge\views.py", line 35, in pipeline_create
    job = KnowledgePipelineJob.objects.create(
        document=document, source_storage_key=f"knowledge/{document.public_id}/source.pdf",
    ...<2 lines>...
        idempotency_key=digest.hexdigest(),
    )
  File "E:\Desktop\VibeCoding\ownerblog\backend\.venv\Lib\site-packages\django\db\models\manager.py", line 87, in manager_method
    return getattr(self.get_queryset(), name)(*args, **kwargs)
           ~~~~~~~~~~~~~~~~~~~~~~~~~~~~~~~~~~^^^^^^^^^^^^^^^^^
  File "E:\Desktop\VibeCoding\ownerblog\backend\.venv\Lib\site-packages\django\db\models\query.py", line 665, in create
    obj.save(force_insert=True, using=self.db)
    ~~~~~~~~^^^^^^^^^^^^^^^^^^^^^^^^^^^^^^^^^^
  File "E:\Desktop\VibeCoding\ownerblog\backend\.venv\Lib\site-packages\django\db\models\base.py", line 902, in save
    self.save_base(
    ~~~~~~~~~~~~~~^
        using=using,
        ^^^^^^^^^^^^
    ...<2 lines>...
        update_fields=update_fields,
        ^^^^^^^^^^^^^^^^^^^^^^^^^^^^
    )
    ^
  File "E:\Desktop\VibeCoding\ownerblog\backend\.venv\Lib\site-packages\django\db\models\base.py", line 1008, in save_base
    updated = self._save_table(
        raw,
    ...<4 lines>...
        update_fields,
    )
  File "E:\Desktop\VibeCoding\ownerblog\backend\.venv\Lib\site-packages\django\db\models\base.py", line 1169, in _save_table
    results = self._do_insert(
        cls._base_manager, using, fields, returning_fields, raw
    )
  File "E:\Desktop\VibeCoding\ownerblog\backend\.venv\Lib\site-packages\django\db\models\base.py", line 1210, in _do_insert
    return manager._insert(
           ~~~~~~~~~~~~~~~^
        [self],
        ^^^^^^^
    ...<3 lines>...
        raw=raw,
        ^^^^^^^^
    )
    ^
  File "E:\Desktop\VibeCoding\ownerblog\backend\.venv\Lib\site-packages\django\db\models\manager.py", line 87, in manager_method
    return getattr(self.get_queryset(), name)(*args, **kwargs)
           ~~~~~~~~~~~~~~~~~~~~~~~~~~~~~~~~~~^^^^^^^^^^^^^^^^^
  File "E:\Desktop\VibeCoding\ownerblog\backend\.venv\Lib\site-packages\django\db\models\query.py", line 1873, in _insert
    return query.get_compiler(using=using).execute_sql(returning_fields)
           ~~~~~~~~~~~~~~~~~~~~~~~~~~~~~~~~~~~~~~~~~~~^^^^^^^^^^^^^^^^^^
  File "E:\Desktop\VibeCoding\ownerblog\backend\.venv\Lib\site-packages\django\db\models\sql\compiler.py", line 1882, in execute_sql
    cursor.execute(sql, params)
    ~~~~~~~~~~~~~~^^^^^^^^^^^^^
  File "E:\Desktop\VibeCoding\ownerblog\backend\.venv\Lib\site-packages\django\db\backends\utils.py", line 122, in execute
    return super().execute(sql, params)
           ~~~~~~~~~~~~~~~^^^^^^^^^^^^^
  File "E:\Desktop\VibeCoding\ownerblog\backend\.venv\Lib\site-packages\django\db\backends\utils.py", line 79, in execute
    return self._execute_with_wrappers(
           ~~~~~~~~~~~~~~~~~~~~~~~~~~~^
        sql, params, many=False, executor=self._execute
        ^^^^^^^^^^^^^^^^^^^^^^^^^^^^^^^^^^^^^^^^^^^^^^^
    )
    ^
  File "E:\Desktop\VibeCoding\ownerblog\backend\.venv\Lib\site-packages\django\db\backends\utils.py", line 92, in _execute_with_wrappers
    return executor(sql, params, many, context)
  File "E:\Desktop\VibeCoding\ownerblog\backend\.venv\Lib\site-packages\django\db\backends\utils.py", line 100, in _execute
    with self.db.wrap_database_errors:
         ^^^^^^^^^^^^^^^^^^^^^^^^^^^^
  File "E:\Desktop\VibeCoding\ownerblog\backend\.venv\Lib\site-packages\django\db\utils.py", line 91, in __exit__
    raise dj_exc_value.with_traceback(traceback) from exc_value
  File "E:\Desktop\VibeCoding\ownerblog\backend\.venv\Lib\site-packages\django\db\backends\utils.py", line 105, in _execute
    return self.cursor.execute(sql, params)
           ~~~~~~~~~~~~~~~~~~~^^^^^^^^^^^^^
  File "E:\Desktop\VibeCoding\ownerblog\backend\.venv\Lib\site-packages\django\db\backends\sqlite3\base.py", line 360, in execute
    return super().execute(query, params)
           ~~~~~~~~~~~~~~~^^^^^^^^^^^^^^^
django.db.utils.IntegrityError: UNIQUE constraint failed: knowledge_knowledgepipelinejob.idempotency_key
[17/Sep/2026 09:35:03] "POST /api/knowledge/pipeline HTTP/1.1" 500 203820
[17/Sep/2026 09:35:03] "GET /api/knowledge/pipeline/csrf HTTP/1.1" 200 38
Internal Server Error: /api/knowledge/pipeline
Traceback (most recent call last):
  File "E:\Desktop\VibeCoding\ownerblog\backend\.venv\Lib\site-packages\django\db\backends\utils.py", line 105, in _execute
    return self.cursor.execute(sql, params)
           ~~~~~~~~~~~~~~~~~~~^^^^^^^^^^^^^
  File "E:\Desktop\VibeCoding\ownerblog\backend\.venv\Lib\site-packages\django\db\backends\sqlite3\base.py", line 360, in execute
    return super().execute(query, params)
           ~~~~~~~~~~~~~~~^^^^^^^^^^^^^^^
sqlite3.IntegrityError: UNIQUE constraint failed: knowledge_knowledgepipelinejob.idempotency_key

The above exception was the direct cause of the following exception:

Traceback (most recent call last):
  File "E:\Desktop\VibeCoding\ownerblog\backend\.venv\Lib\site-packages\django\core\handlers\exception.py", line 55, in inner
    response = get_response(request)
  File "E:\Desktop\VibeCoding\ownerblog\backend\.venv\Lib\site-packages\django\core\handlers\base.py", line 197, in _get_response
    response = wrapped_callback(request, *callback_args, **callback_kwargs)
  File "E:\Desktop\VibeCoding\ownerblog\backend\.venv\Lib\site-packages\django\utils\decorators.py", line 192, in _view_wrapper
    result = _process_exception(request, e)
  File "E:\Desktop\VibeCoding\ownerblog\backend\.venv\Lib\site-packages\django\utils\decorators.py", line 190, in _view_wrapper
    response = view_func(request, *args, **kwargs)
  File "E:\Desktop\VibeCoding\ownerblog\backend\.venv\Lib\site-packages\django\views\decorators\http.py", line 64, in inner
    return func(request, *args, **kwargs)
  File "E:\Desktop\VibeCoding\ownerblog\backend\knowledge\views.py", line 35, in pipeline_create
    job = KnowledgePipelineJob.objects.create(
        document=document, source_storage_key=f"knowledge/{document.public_id}/source.pdf",
    ...<2 lines>...
        idempotency_key=digest.hexdigest(),
    )
  File "E:\Desktop\VibeCoding\ownerblog\backend\.venv\Lib\site-packages\django\db\models\manager.py", line 87, in manager_method
    return getattr(self.get_queryset(), name)(*args, **kwargs)
           ~~~~~~~~~~~~~~~~~~~~~~~~~~~~~~~~~~^^^^^^^^^^^^^^^^^
  File "E:\Desktop\VibeCoding\ownerblog\backend\.venv\Lib\site-packages\django\db\models\query.py", line 665, in create
    obj.save(force_insert=True, using=self.db)
    ~~~~~~~~^^^^^^^^^^^^^^^^^^^^^^^^^^^^^^^^^^
  File "E:\Desktop\VibeCoding\ownerblog\backend\.venv\Lib\site-packages\django\db\models\base.py", line 902, in save
    self.save_base(
    ~~~~~~~~~~~~~~^
        using=using,
        ^^^^^^^^^^^^
    ...<2 lines>...
        update_fields=update_fields,
        ^^^^^^^^^^^^^^^^^^^^^^^^^^^^
    )
    ^
  File "E:\Desktop\VibeCoding\ownerblog\backend\.venv\Lib\site-packages\django\db\models\base.py", line 1008, in save_base
    updated = self._save_table(
        raw,
    ...<4 lines>...
        update_fields,
    )
  File "E:\Desktop\VibeCoding\ownerblog\backend\.venv\Lib\site-packages\django\db\models\base.py", line 1169, in _save_table
    results = self._do_insert(
        cls._base_manager, using, fields, returning_fields, raw
    )
  File "E:\Desktop\VibeCoding\ownerblog\backend\.venv\Lib\site-packages\django\db\models\base.py", line 1210, in _do_insert
    return manager._insert(
           ~~~~~~~~~~~~~~~^
        [self],
        ^^^^^^^
    ...<3 lines>...
        raw=raw,
        ^^^^^^^^
    )
    ^
  File "E:\Desktop\VibeCoding\ownerblog\backend\.venv\Lib\site-packages\django\db\models\manager.py", line 87, in manager_method
    return getattr(self.get_queryset(), name)(*args, **kwargs)
           ~~~~~~~~~~~~~~~~~~~~~~~~~~~~~~~~~~^^^^^^^^^^^^^^^^^
  File "E:\Desktop\VibeCoding\ownerblog\backend\.venv\Lib\site-packages\django\db\models\query.py", line 1873, in _insert
    return query.get_compiler(using=using).execute_sql(returning_fields)
           ~~~~~~~~~~~~~~~~~~~~~~~~~~~~~~~~~~~~~~~~~~~^^^^^^^^^^^^^^^^^^
  File "E:\Desktop\VibeCoding\ownerblog\backend\.venv\Lib\site-packages\django\db\models\sql\compiler.py", line 1882, in execute_sql
    cursor.execute(sql, params)
    ~~~~~~~~~~~~~~^^^^^^^^^^^^^
  File "E:\Desktop\VibeCoding\ownerblog\backend\.venv\Lib\site-packages\django\db\backends\utils.py", line 122, in execute
    return super().execute(sql, params)
           ~~~~~~~~~~~~~~~^^^^^^^^^^^^^
  File "E:\Desktop\VibeCoding\ownerblog\backend\.venv\Lib\site-packages\django\db\backends\utils.py", line 79, in execute
    return self._execute_with_wrappers(
           ~~~~~~~~~~~~~~~~~~~~~~~~~~~^
        sql, params, many=False, executor=self._execute
        ^^^^^^^^^^^^^^^^^^^^^^^^^^^^^^^^^^^^^^^^^^^^^^^
    )
    ^
  File "E:\Desktop\VibeCoding\ownerblog\backend\.venv\Lib\site-packages\django\db\backends\utils.py", line 92, in _execute_with_wrappers
    return executor(sql, params, many, context)
  File "E:\Desktop\VibeCoding\ownerblog\backend\.venv\Lib\site-packages\django\db\backends\utils.py", line 100, in _execute
    with self.db.wrap_database_errors:
         ^^^^^^^^^^^^^^^^^^^^^^^^^^^^
  File "E:\Desktop\VibeCoding\ownerblog\backend\.venv\Lib\site-packages\django\db\utils.py", line 91, in __exit__
    raise dj_exc_value.with_traceback(traceback) from exc_value
  File "E:\Desktop\VibeCoding\ownerblog\backend\.venv\Lib\site-packages\django\db\backends\utils.py", line 105, in _execute
    return self.cursor.execute(sql, params)
           ~~~~~~~~~~~~~~~~~~~^^^^^^^^^^^^^
  File "E:\Desktop\VibeCoding\ownerblog\backend\.venv\Lib\site-packages\django\db\backends\sqlite3\base.py", line 360, in execute
    return super().execute(query, params)
           ~~~~~~~~~~~~~~~^^^^^^^^^^^^^^^
django.db.utils.IntegrityError: UNIQUE constraint failed: knowledge_knowledgepipelinejob.idempotency_key
[17/Sep/2026 09:35:03] "POST /api/knowledge/pipeline HTTP/1.1" 500 203820
[17/Sep/2026 09:35:03] "GET /api/knowledge/pipeline/csrf HTTP/1.1" 200 38
Internal Server Error: /api/knowledge/pipeline
Traceback (most recent call last):
  File "E:\Desktop\VibeCoding\ownerblog\backend\.venv\Lib\site-packages\django\db\backends\utils.py", line 105, in _execute
    return self.cursor.execute(sql, params)
           ~~~~~~~~~~~~~~~~~~~^^^^^^^^^^^^^
  File "E:\Desktop\VibeCoding\ownerblog\backend\.venv\Lib\site-packages\django\db\backends\sqlite3\base.py", line 360, in execute
    return super().execute(query, params)
           ~~~~~~~~~~~~~~~^^^^^^^^^^^^^^^
sqlite3.IntegrityError: UNIQUE constraint failed: knowledge_knowledgepipelinejob.idempotency_key

The above exception was the direct cause of the following exception:

Traceback (most recent call last):
  File "E:\Desktop\VibeCoding\ownerblog\backend\.venv\Lib\site-packages\django\core\handlers\exception.py", line 55, in inner
    response = get_response(request)
  File "E:\Desktop\VibeCoding\ownerblog\backend\.venv\Lib\site-packages\django\core\handlers\base.py", line 197, in _get_response
    response = wrapped_callback(request, *callback_args, **callback_kwargs)
  File "E:\Desktop\VibeCoding\ownerblog\backend\.venv\Lib\site-packages\django\utils\decorators.py", line 192, in _view_wrapper
    result = _process_exception(request, e)
  File "E:\Desktop\VibeCoding\ownerblog\backend\.venv\Lib\site-packages\django\utils\decorators.py", line 190, in _view_wrapper
    response = view_func(request, *args, **kwargs)
  File "E:\Desktop\VibeCoding\ownerblog\backend\.venv\Lib\site-packages\django\views\decorators\http.py", line 64, in inner
    return func(request, *args, **kwargs)
  File "E:\Desktop\VibeCoding\ownerblog\backend\knowledge\views.py", line 35, in pipeline_create
    job = KnowledgePipelineJob.objects.create(
        document=document, source_storage_key=f"knowledge/{document.public_id}/source.pdf",
    ...<2 lines>...
        idempotency_key=digest.hexdigest(),
    )
  File "E:\Desktop\VibeCoding\ownerblog\backend\.venv\Lib\site-packages\django\db\models\manager.py", line 87, in manager_method
    return getattr(self.get_queryset(), name)(*args, **kwargs)
           ~~~~~~~~~~~~~~~~~~~~~~~~~~~~~~~~~~^^^^^^^^^^^^^^^^^
  File "E:\Desktop\VibeCoding\ownerblog\backend\.venv\Lib\site-packages\django\db\models\query.py", line 665, in create
    obj.save(force_insert=True, using=self.db)
    ~~~~~~~~^^^^^^^^^^^^^^^^^^^^^^^^^^^^^^^^^^
  File "E:\Desktop\VibeCoding\ownerblog\backend\.venv\Lib\site-packages\django\db\models\base.py", line 902, in save
    self.save_base(
    ~~~~~~~~~~~~~~^
        using=using,
        ^^^^^^^^^^^^
    ...<2 lines>...
        update_fields=update_fields,
        ^^^^^^^^^^^^^^^^^^^^^^^^^^^^
    )
    ^
  File "E:\Desktop\VibeCoding\ownerblog\backend\.venv\Lib\site-packages\django\db\models\base.py", line 1008, in save_base
    updated = self._save_table(
        raw,
    ...<4 lines>...
        update_fields,
    )
  File "E:\Desktop\VibeCoding\ownerblog\backend\.venv\Lib\site-packages\django\db\models\base.py", line 1169, in _save_table
    results = self._do_insert(
        cls._base_manager, using, fields, returning_fields, raw
    )
  File "E:\Desktop\VibeCoding\ownerblog\backend\.venv\Lib\site-packages\django\db\models\base.py", line 1210, in _do_insert
    return manager._insert(
           ~~~~~~~~~~~~~~~^
        [self],
        ^^^^^^^
    ...<3 lines>...
        raw=raw,
        ^^^^^^^^
    )
    ^
  File "E:\Desktop\VibeCoding\ownerblog\backend\.venv\Lib\site-packages\django\db\models\manager.py", line 87, in manager_method
    return getattr(self.get_queryset(), name)(*args, **kwargs)
           ~~~~~~~~~~~~~~~~~~~~~~~~~~~~~~~~~~^^^^^^^^^^^^^^^^^
  File "E:\Desktop\VibeCoding\ownerblog\backend\.venv\Lib\site-packages\django\db\models\query.py", line 1873, in _insert
    return query.get_compiler(using=using).execute_sql(returning_fields)
           ~~~~~~~~~~~~~~~~~~~~~~~~~~~~~~~~~~~~~~~~~~~^^^^^^^^^^^^^^^^^^
  File "E:\Desktop\VibeCoding\ownerblog\backend\.venv\Lib\site-packages\django\db\models\sql\compiler.py", line 1882, in execute_sql
    cursor.execute(sql, params)
    ~~~~~~~~~~~~~~^^^^^^^^^^^^^
  File "E:\Desktop\VibeCoding\ownerblog\backend\.venv\Lib\site-packages\django\db\backends\utils.py", line 122, in execute
    return super().execute(sql, params)
           ~~~~~~~~~~~~~~~^^^^^^^^^^^^^
  File "E:\Desktop\VibeCoding\ownerblog\backend\.venv\Lib\site-packages\django\db\backends\utils.py", line 79, in execute
    return self._execute_with_wrappers(
           ~~~~~~~~~~~~~~~~~~~~~~~~~~~^
        sql, params, many=False, executor=self._execute
        ^^^^^^^^^^^^^^^^^^^^^^^^^^^^^^^^^^^^^^^^^^^^^^^
    )
    ^
  File "E:\Desktop\VibeCoding\ownerblog\backend\.venv\Lib\site-packages\django\db\backends\utils.py", line 92, in _execute_with_wrappers
    return executor(sql, params, many, context)
  File "E:\Desktop\VibeCoding\ownerblog\backend\.venv\Lib\site-packages\django\db\backends\utils.py", line 100, in _execute
    with self.db.wrap_database_errors:
         ^^^^^^^^^^^^^^^^^^^^^^^^^^^^
  File "E:\Desktop\VibeCoding\ownerblog\backend\.venv\Lib\site-packages\django\db\utils.py", line 91, in __exit__
    raise dj_exc_value.with_traceback(traceback) from exc_value
  File "E:\Desktop\VibeCoding\ownerblog\backend\.venv\Lib\site-packages\django\db\backends\utils.py", line 105, in _execute
    return self.cursor.execute(sql, params)
           ~~~~~~~~~~~~~~~~~~~^^^^^^^^^^^^^
  File "E:\Desktop\VibeCoding\ownerblog\backend\.venv\Lib\site-packages\django\db\backends\sqlite3\base.py", line 360, in execute
    return super().execute(query, params)
           ~~~~~~~~~~~~~~~^^^^^^^^^^^^^^^
django.db.utils.IntegrityError: UNIQUE constraint failed: knowledge_knowledgepipelinejob.idempotency_key
[17/Sep/2026 09:35:03] "POST /api/knowledge/pipeline HTTP/1.1" 500 203820
[17/Sep/2026 09:35:03] "GET /api/knowledge/pipeline/csrf HTTP/1.1" 200 38
Internal Server Error: /api/knowledge/pipeline
Traceback (most recent call last):
  File "E:\Desktop\VibeCoding\ownerblog\backend\.venv\Lib\site-packages\django\db\backends\utils.py", line 105, in _execute
    return self.cursor.execute(sql, params)
           ~~~~~~~~~~~~~~~~~~~^^^^^^^^^^^^^
  File "E:\Desktop\VibeCoding\ownerblog\backend\.venv\Lib\site-packages\django\db\backends\sqlite3\base.py", line 360, in execute
    return super().execute(query, params)
           ~~~~~~~~~~~~~~~^^^^^^^^^^^^^^^
sqlite3.IntegrityError: UNIQUE constraint failed: knowledge_knowledgepipelinejob.idempotency_key

The above exception was the direct cause of the following exception:

Traceback (most recent call last):
  File "E:\Desktop\VibeCoding\ownerblog\backend\.venv\Lib\site-packages\django\core\handlers\exception.py", line 55, in inner
    response = get_response(request)
  File "E:\Desktop\VibeCoding\ownerblog\backend\.venv\Lib\site-packages\django\core\handlers\base.py", line 197, in _get_response
    response = wrapped_callback(request, *callback_args, **callback_kwargs)
  File "E:\Desktop\VibeCoding\ownerblog\backend\.venv\Lib\site-packages\django\utils\decorators.py", line 192, in _view_wrapper
    result = _process_exception(request, e)
  File "E:\Desktop\VibeCoding\ownerblog\backend\.venv\Lib\site-packages\django\utils\decorators.py", line 190, in _view_wrapper
    response = view_func(request, *args, **kwargs)
  File "E:\Desktop\VibeCoding\ownerblog\backend\.venv\Lib\site-packages\django\views\decorators\http.py", line 64, in inner
    return func(request, *args, **kwargs)
  File "E:\Desktop\VibeCoding\ownerblog\backend\knowledge\views.py", line 35, in pipeline_create
    job = KnowledgePipelineJob.objects.create(
        document=document, source_storage_key=f"knowledge/{document.public_id}/source.pdf",
    ...<2 lines>...
        idempotency_key=digest.hexdigest(),
    )
  File "E:\Desktop\VibeCoding\ownerblog\backend\.venv\Lib\site-packages\django\db\models\manager.py", line 87, in manager_method
    return getattr(self.get_queryset(), name)(*args, **kwargs)
           ~~~~~~~~~~~~~~~~~~~~~~~~~~~~~~~~~~^^^^^^^^^^^^^^^^^
  File "E:\Desktop\VibeCoding\ownerblog\backend\.venv\Lib\site-packages\django\db\models\query.py", line 665, in create
    obj.save(force_insert=True, using=self.db)
    ~~~~~~~~^^^^^^^^^^^^^^^^^^^^^^^^^^^^^^^^^^
  File "E:\Desktop\VibeCoding\ownerblog\backend\.venv\Lib\site-packages\django\db\models\base.py", line 902, in save
    self.save_base(
    ~~~~~~~~~~~~~~^
        using=using,
        ^^^^^^^^^^^^
    ...<2 lines>...
        update_fields=update_fields,
        ^^^^^^^^^^^^^^^^^^^^^^^^^^^^
    )
    ^
  File "E:\Desktop\VibeCoding\ownerblog\backend\.venv\Lib\site-packages\django\db\models\base.py", line 1008, in save_base
    updated = self._save_table(
        raw,
    ...<4 lines>...
        update_fields,
    )
  File "E:\Desktop\VibeCoding\ownerblog\backend\.venv\Lib\site-packages\django\db\models\base.py", line 1169, in _save_table
    results = self._do_insert(
        cls._base_manager, using, fields, returning_fields, raw
    )
  File "E:\Desktop\VibeCoding\ownerblog\backend\.venv\Lib\site-packages\django\db\models\base.py", line 1210, in _do_insert
    return manager._insert(
           ~~~~~~~~~~~~~~~^
        [self],
        ^^^^^^^
    ...<3 lines>...
        raw=raw,
        ^^^^^^^^
    )
    ^
  File "E:\Desktop\VibeCoding\ownerblog\backend\.venv\Lib\site-packages\django\db\models\manager.py", line 87, in manager_method
    return getattr(self.get_queryset(), name)(*args, **kwargs)
           ~~~~~~~~~~~~~~~~~~~~~~~~~~~~~~~~~~^^^^^^^^^^^^^^^^^
  File "E:\Desktop\VibeCoding\ownerblog\backend\.venv\Lib\site-packages\django\db\models\query.py", line 1873, in _insert
    return query.get_compiler(using=using).execute_sql(returning_fields)
           ~~~~~~~~~~~~~~~~~~~~~~~~~~~~~~~~~~~~~~~~~~~^^^^^^^^^^^^^^^^^^
  File "E:\Desktop\VibeCoding\ownerblog\backend\.venv\Lib\site-packages\django\db\models\sql\compiler.py", line 1882, in execute_sql
    cursor.execute(sql, params)
    ~~~~~~~~~~~~~~^^^^^^^^^^^^^
  File "E:\Desktop\VibeCoding\ownerblog\backend\.venv\Lib\site-packages\django\db\backends\utils.py", line 122, in execute
    return super().execute(sql, params)
           ~~~~~~~~~~~~~~~^^^^^^^^^^^^^
  File "E:\Desktop\VibeCoding\ownerblog\backend\.venv\Lib\site-packages\django\db\backends\utils.py", line 79, in execute
    return self._execute_with_wrappers(
           ~~~~~~~~~~~~~~~~~~~~~~~~~~~^
        sql, params, many=False, executor=self._execute
        ^^^^^^^^^^^^^^^^^^^^^^^^^^^^^^^^^^^^^^^^^^^^^^^
    )
    ^
  File "E:\Desktop\VibeCoding\ownerblog\backend\.venv\Lib\site-packages\django\db\backends\utils.py", line 92, in _execute_with_wrappers
    return executor(sql, params, many, context)
  File "E:\Desktop\VibeCoding\ownerblog\backend\.venv\Lib\site-packages\django\db\backends\utils.py", line 100, in _execute
    with self.db.wrap_database_errors:
         ^^^^^^^^^^^^^^^^^^^^^^^^^^^^
  File "E:\Desktop\VibeCoding\ownerblog\backend\.venv\Lib\site-packages\django\db\utils.py", line 91, in __exit__
    raise dj_exc_value.with_traceback(traceback) from exc_value
  File "E:\Desktop\VibeCoding\ownerblog\backend\.venv\Lib\site-packages\django\db\backends\utils.py", line 105, in _execute
    return self.cursor.execute(sql, params)
           ~~~~~~~~~~~~~~~~~~~^^^^^^^^^^^^^
  File "E:\Desktop\VibeCoding\ownerblog\backend\.venv\Lib\site-packages\django\db\backends\sqlite3\base.py", line 360, in execute
    return super().execute(query, params)
           ~~~~~~~~~~~~~~~^^^^^^^^^^^^^^^
django.db.utils.IntegrityError: UNIQUE constraint failed: knowledge_knowledgepipelinejob.idempotency_key
[17/Sep/2026 09:35:04] "POST /api/knowledge/pipeline HTTP/1.1" 500 203820
[17/Sep/2026 09:35:04] "GET /api/knowledge/pipeline/csrf HTTP/1.1" 200 38
Internal Server Error: /api/knowledge/pipeline
Traceback (most recent call last):
  File "E:\Desktop\VibeCoding\ownerblog\backend\.venv\Lib\site-packages\django\db\backends\utils.py", line 105, in _execute
    return self.cursor.execute(sql, params)
           ~~~~~~~~~~~~~~~~~~~^^^^^^^^^^^^^
  File "E:\Desktop\VibeCoding\ownerblog\backend\.venv\Lib\site-packages\django\db\backends\sqlite3\base.py", line 360, in execute
    return super().execute(query, params)
           ~~~~~~~~~~~~~~~^^^^^^^^^^^^^^^
sqlite3.IntegrityError: UNIQUE constraint failed: knowledge_knowledgepipelinejob.idempotency_key

The above exception was the direct cause of the following exception:

Traceback (most recent call last):
  File "E:\Desktop\VibeCoding\ownerblog\backend\.venv\Lib\site-packages\django\core\handlers\exception.py", line 55, in inner
    response = get_response(request)
  File "E:\Desktop\VibeCoding\ownerblog\backend\.venv\Lib\site-packages\django\core\handlers\base.py", line 197, in _get_response
    response = wrapped_callback(request, *callback_args, **callback_kwargs)
  File "E:\Desktop\VibeCoding\ownerblog\backend\.venv\Lib\site-packages\django\utils\decorators.py", line 192, in _view_wrapper
    result = _process_exception(request, e)
  File "E:\Desktop\VibeCoding\ownerblog\backend\.venv\Lib\site-packages\django\utils\decorators.py", line 190, in _view_wrapper
    response = view_func(request, *args, **kwargs)
  File "E:\Desktop\VibeCoding\ownerblog\backend\.venv\Lib\site-packages\django\views\decorators\http.py", line 64, in inner
    return func(request, *args, **kwargs)
  File "E:\Desktop\VibeCoding\ownerblog\backend\knowledge\views.py", line 35, in pipeline_create
    job = KnowledgePipelineJob.objects.create(
        document=document, source_storage_key=f"knowledge/{document.public_id}/source.pdf",
    ...<2 lines>...
        idempotency_key=digest.hexdigest(),
    )
  File "E:\Desktop\VibeCoding\ownerblog\backend\.venv\Lib\site-packages\django\db\models\manager.py", line 87, in manager_method
    return getattr(self.get_queryset(), name)(*args, **kwargs)
           ~~~~~~~~~~~~~~~~~~~~~~~~~~~~~~~~~~^^^^^^^^^^^^^^^^^
  File "E:\Desktop\VibeCoding\ownerblog\backend\.venv\Lib\site-packages\django\db\models\query.py", line 665, in create
    obj.save(force_insert=True, using=self.db)
    ~~~~~~~~^^^^^^^^^^^^^^^^^^^^^^^^^^^^^^^^^^
  File "E:\Desktop\VibeCoding\ownerblog\backend\.venv\Lib\site-packages\django\db\models\base.py", line 902, in save
    self.save_base(
    ~~~~~~~~~~~~~~^
        using=using,
        ^^^^^^^^^^^^
    ...<2 lines>...
        update_fields=update_fields,
        ^^^^^^^^^^^^^^^^^^^^^^^^^^^^
    )
    ^
  File "E:\Desktop\VibeCoding\ownerblog\backend\.venv\Lib\site-packages\django\db\models\base.py", line 1008, in save_base
    updated = self._save_table(
        raw,
    ...<4 lines>...
        update_fields,
    )
  File "E:\Desktop\VibeCoding\ownerblog\backend\.venv\Lib\site-packages\django\db\models\base.py", line 1169, in _save_table
    results = self._do_insert(
        cls._base_manager, using, fields, returning_fields, raw
    )
  File "E:\Desktop\VibeCoding\ownerblog\backend\.venv\Lib\site-packages\django\db\models\base.py", line 1210, in _do_insert
    return manager._insert(
           ~~~~~~~~~~~~~~~^
        [self],
        ^^^^^^^
    ...<3 lines>...
        raw=raw,
        ^^^^^^^^
    )
    ^
  File "E:\Desktop\VibeCoding\ownerblog\backend\.venv\Lib\site-packages\django\db\models\manager.py", line 87, in manager_method
    return getattr(self.get_queryset(), name)(*args, **kwargs)
           ~~~~~~~~~~~~~~~~~~~~~~~~~~~~~~~~~~^^^^^^^^^^^^^^^^^
  File "E:\Desktop\VibeCoding\ownerblog\backend\.venv\Lib\site-packages\django\db\models\query.py", line 1873, in _insert
    return query.get_compiler(using=using).execute_sql(returning_fields)
           ~~~~~~~~~~~~~~~~~~~~~~~~~~~~~~~~~~~~~~~~~~~^^^^^^^^^^^^^^^^^^
  File "E:\Desktop\VibeCoding\ownerblog\backend\.venv\Lib\site-packages\django\db\models\sql\compiler.py", line 1882, in execute_sql
    cursor.execute(sql, params)
    ~~~~~~~~~~~~~~^^^^^^^^^^^^^
  File "E:\Desktop\VibeCoding\ownerblog\backend\.venv\Lib\site-packages\django\db\backends\utils.py", line 122, in execute
    return super().execute(sql, params)
           ~~~~~~~~~~~~~~~^^^^^^^^^^^^^
  File "E:\Desktop\VibeCoding\ownerblog\backend\.venv\Lib\site-packages\django\db\backends\utils.py", line 79, in execute
    return self._execute_with_wrappers(
           ~~~~~~~~~~~~~~~~~~~~~~~~~~~^
        sql, params, many=False, executor=self._execute
        ^^^^^^^^^^^^^^^^^^^^^^^^^^^^^^^^^^^^^^^^^^^^^^^
    )
    ^
  File "E:\Desktop\VibeCoding\ownerblog\backend\.venv\Lib\site-packages\django\db\backends\utils.py", line 92, in _execute_with_wrappers
    return executor(sql, params, many, context)
  File "E:\Desktop\VibeCoding\ownerblog\backend\.venv\Lib\site-packages\django\db\backends\utils.py", line 100, in _execute
    with self.db.wrap_database_errors:
         ^^^^^^^^^^^^^^^^^^^^^^^^^^^^
  File "E:\Desktop\VibeCoding\ownerblog\backend\.venv\Lib\site-packages\django\db\utils.py", line 91, in __exit__
    raise dj_exc_value.with_traceback(traceback) from exc_value
  File "E:\Desktop\VibeCoding\ownerblog\backend\.venv\Lib\site-packages\django\db\backends\utils.py", line 105, in _execute
    return self.cursor.execute(sql, params)
           ~~~~~~~~~~~~~~~~~~~^^^^^^^^^^^^^
  File "E:\Desktop\VibeCoding\ownerblog\backend\.venv\Lib\site-packages\django\db\backends\sqlite3\base.py", line 360, in execute
    return super().execute(query, params)
           ~~~~~~~~~~~~~~~^^^^^^^^^^^^^^^
django.db.utils.IntegrityError: UNIQUE constraint failed: knowledge_knowledgepipelinejob.idempotency_key
[17/Sep/2026 09:35:04] "POST /api/knowledge/pipeline HTTP/1.1" 500 203820
Unauthorized: /api/auth/me
[17/Sep/2026 09:35:05] "GET /api/auth/me HTTP/1.1" 401 38
[17/Sep/2026 09:35:10] "GET /api/knowledge/pipeline/csrf HTTP/1.1" 200 38
Internal Server Error: /api/knowledge/pipeline
Traceback (most recent call last):
  File "E:\Desktop\VibeCoding\ownerblog\backend\.venv\Lib\site-packages\django\db\backends\utils.py", line 105, in _execute
    return self.cursor.execute(sql, params)
           ~~~~~~~~~~~~~~~~~~~^^^^^^^^^^^^^
  File "E:\Desktop\VibeCoding\ownerblog\backend\.venv\Lib\site-packages\django\db\backends\sqlite3\base.py", line 360, in execute
    return super().execute(query, params)
           ~~~~~~~~~~~~~~~^^^^^^^^^^^^^^^
sqlite3.IntegrityError: UNIQUE constraint failed: knowledge_knowledgepipelinejob.idempotency_key

The above exception was the direct cause of the following exception:

Traceback (most recent call last):
  File "E:\Desktop\VibeCoding\ownerblog\backend\.venv\Lib\site-packages\django\core\handlers\exception.py", line 55, in inner
    response = get_response(request)
  File "E:\Desktop\VibeCoding\ownerblog\backend\.venv\Lib\site-packages\django\core\handlers\base.py", line 197, in _get_response
    response = wrapped_callback(request, *callback_args, **callback_kwargs)
  File "E:\Desktop\VibeCoding\ownerblog\backend\.venv\Lib\site-packages\django\utils\decorators.py", line 192, in _view_wrapper
    result = _process_exception(request, e)
  File "E:\Desktop\VibeCoding\ownerblog\backend\.venv\Lib\site-packages\django\utils\decorators.py", line 190, in _view_wrapper
    response = view_func(request, *args, **kwargs)
  File "E:\Desktop\VibeCoding\ownerblog\backend\.venv\Lib\site-packages\django\views\decorators\http.py", line 64, in inner
    return func(request, *args, **kwargs)
  File "E:\Desktop\VibeCoding\ownerblog\backend\knowledge\views.py", line 35, in pipeline_create
    job = KnowledgePipelineJob.objects.create(
        document=document, source_storage_key=f"knowledge/{document.public_id}/source.pdf",
    ...<2 lines>...
        idempotency_key=digest.hexdigest(),
    )
  File "E:\Desktop\VibeCoding\ownerblog\backend\.venv\Lib\site-packages\django\db\models\manager.py", line 87, in manager_method
    return getattr(self.get_queryset(), name)(*args, **kwargs)
           ~~~~~~~~~~~~~~~~~~~~~~~~~~~~~~~~~~^^^^^^^^^^^^^^^^^
  File "E:\Desktop\VibeCoding\ownerblog\backend\.venv\Lib\site-packages\django\db\models\query.py", line 665, in create
    obj.save(force_insert=True, using=self.db)
    ~~~~~~~~^^^^^^^^^^^^^^^^^^^^^^^^^^^^^^^^^^
  File "E:\Desktop\VibeCoding\ownerblog\backend\.venv\Lib\site-packages\django\db\models\base.py", line 902, in save
    self.save_base(
    ~~~~~~~~~~~~~~^
        using=using,
        ^^^^^^^^^^^^
    ...<2 lines>...
        update_fields=update_fields,
        ^^^^^^^^^^^^^^^^^^^^^^^^^^^^
    )
    ^
  File "E:\Desktop\VibeCoding\ownerblog\backend\.venv\Lib\site-packages\django\db\models\base.py", line 1008, in save_base
    updated = self._save_table(
        raw,
    ...<4 lines>...
        update_fields,
    )
  File "E:\Desktop\VibeCoding\ownerblog\backend\.venv\Lib\site-packages\django\db\models\base.py", line 1169, in _save_table
    results = self._do_insert(
        cls._base_manager, using, fields, returning_fields, raw
    )
  File "E:\Desktop\VibeCoding\ownerblog\backend\.venv\Lib\site-packages\django\db\models\base.py", line 1210, in _do_insert
    return manager._insert(
           ~~~~~~~~~~~~~~~^
        [self],
        ^^^^^^^
    ...<3 lines>...
        raw=raw,
        ^^^^^^^^
    )
    ^
  File "E:\Desktop\VibeCoding\ownerblog\backend\.venv\Lib\site-packages\django\db\models\manager.py", line 87, in manager_method
    return getattr(self.get_queryset(), name)(*args, **kwargs)
           ~~~~~~~~~~~~~~~~~~~~~~~~~~~~~~~~~~^^^^^^^^^^^^^^^^^
  File "E:\Desktop\VibeCoding\ownerblog\backend\.venv\Lib\site-packages\django\db\models\query.py", line 1873, in _insert
    return query.get_compiler(using=using).execute_sql(returning_fields)
           ~~~~~~~~~~~~~~~~~~~~~~~~~~~~~~~~~~~~~~~~~~~^^^^^^^^^^^^^^^^^^
  File "E:\Desktop\VibeCoding\ownerblog\backend\.venv\Lib\site-packages\django\db\models\sql\compiler.py", line 1882, in execute_sql
    cursor.execute(sql, params)
    ~~~~~~~~~~~~~~^^^^^^^^^^^^^
  File "E:\Desktop\VibeCoding\ownerblog\backend\.venv\Lib\site-packages\django\db\backends\utils.py", line 122, in execute
    return super().execute(sql, params)
           ~~~~~~~~~~~~~~~^^^^^^^^^^^^^
  File "E:\Desktop\VibeCoding\ownerblog\backend\.venv\Lib\site-packages\django\db\backends\utils.py", line 79, in execute
    return self._execute_with_wrappers(
           ~~~~~~~~~~~~~~~~~~~~~~~~~~~^
        sql, params, many=False, executor=self._execute
        ^^^^^^^^^^^^^^^^^^^^^^^^^^^^^^^^^^^^^^^^^^^^^^^
    )
    ^
  File "E:\Desktop\VibeCoding\ownerblog\backend\.venv\Lib\site-packages\django\db\backends\utils.py", line 92, in _execute_with_wrappers
    return executor(sql, params, many, context)
  File "E:\Desktop\VibeCoding\ownerblog\backend\.venv\Lib\site-packages\django\db\backends\utils.py", line 100, in _execute
    with self.db.wrap_database_errors:
         ^^^^^^^^^^^^^^^^^^^^^^^^^^^^
  File "E:\Desktop\VibeCoding\ownerblog\backend\.venv\Lib\site-packages\django\db\utils.py", line 91, in __exit__
    raise dj_exc_value.with_traceback(traceback) from exc_value
  File "E:\Desktop\VibeCoding\ownerblog\backend\.venv\Lib\site-packages\django\db\backends\utils.py", line 105, in _execute
    return self.cursor.execute(sql, params)
           ~~~~~~~~~~~~~~~~~~~^^^^^^^^^^^^^
  File "E:\Desktop\VibeCoding\ownerblog\backend\.venv\Lib\site-packages\django\db\backends\sqlite3\base.py", line 360, in execute
    return super().execute(query, params)
           ~~~~~~~~~~~~~~~^^^^^^^^^^^^^^^
django.db.utils.IntegrityError: UNIQUE constraint failed: knowledge_knowledgepipelinejob.idempotency_key
[17/Sep/2026 09:35:10] "POST /api/knowledge/pipeline HTTP/1.1" 500 203820
[17/Sep/2026 09:35:23] "GET /api/knowledge/pipeline/csrf HTTP/1.1" 200 38
Internal Server Error: /api/knowledge/pipeline
Traceback (most recent call last):
  File "E:\Desktop\VibeCoding\ownerblog\backend\.venv\Lib\site-packages\django\db\backends\utils.py", line 105, in _execute
    return self.cursor.execute(sql, params)
           ~~~~~~~~~~~~~~~~~~~^^^^^^^^^^^^^
  File "E:\Desktop\VibeCoding\ownerblog\backend\.venv\Lib\site-packages\django\db\backends\sqlite3\base.py", line 360, in execute
    return super().execute(query, params)
           ~~~~~~~~~~~~~~~^^^^^^^^^^^^^^^
sqlite3.IntegrityError: UNIQUE constraint failed: knowledge_knowledgepipelinejob.idempotency_key

The above exception was the direct cause of the following exception:

Traceback (most recent call last):
  File "E:\Desktop\VibeCoding\ownerblog\backend\.venv\Lib\site-packages\django\core\handlers\exception.py", line 55, in inner
    response = get_response(request)
  File "E:\Desktop\VibeCoding\ownerblog\backend\.venv\Lib\site-packages\django\core\handlers\base.py", line 197, in _get_response
    response = wrapped_callback(request, *callback_args, **callback_kwargs)
  File "E:\Desktop\VibeCoding\ownerblog\backend\.venv\Lib\site-packages\django\utils\decorators.py", line 192, in _view_wrapper
    result = _process_exception(request, e)
  File "E:\Desktop\VibeCoding\ownerblog\backend\.venv\Lib\site-packages\django\utils\decorators.py", line 190, in _view_wrapper
    response = view_func(request, *args, **kwargs)
  File "E:\Desktop\VibeCoding\ownerblog\backend\.venv\Lib\site-packages\django\views\decorators\http.py", line 64, in inner
    return func(request, *args, **kwargs)
  File "E:\Desktop\VibeCoding\ownerblog\backend\knowledge\views.py", line 35, in pipeline_create
    job = KnowledgePipelineJob.objects.create(
        document=document, source_storage_key=f"knowledge/{document.public_id}/source.pdf",
    ...<2 lines>...
        idempotency_key=digest.hexdigest(),
    )
  File "E:\Desktop\VibeCoding\ownerblog\backend\.venv\Lib\site-packages\django\db\models\manager.py", line 87, in manager_method
    return getattr(self.get_queryset(), name)(*args, **kwargs)
           ~~~~~~~~~~~~~~~~~~~~~~~~~~~~~~~~~~^^^^^^^^^^^^^^^^^
  File "E:\Desktop\VibeCoding\ownerblog\backend\.venv\Lib\site-packages\django\db\models\query.py", line 665, in create
    obj.save(force_insert=True, using=self.db)
    ~~~~~~~~^^^^^^^^^^^^^^^^^^^^^^^^^^^^^^^^^^
  File "E:\Desktop\VibeCoding\ownerblog\backend\.venv\Lib\site-packages\django\db\models\base.py", line 902, in save
    self.save_base(
    ~~~~~~~~~~~~~~^
        using=using,
        ^^^^^^^^^^^^
    ...<2 lines>...
        update_fields=update_fields,
        ^^^^^^^^^^^^^^^^^^^^^^^^^^^^
    )
    ^
  File "E:\Desktop\VibeCoding\ownerblog\backend\.venv\Lib\site-packages\django\db\models\base.py", line 1008, in save_base
    updated = self._save_table(
        raw,
    ...<4 lines>...
        update_fields,
    )
  File "E:\Desktop\VibeCoding\ownerblog\backend\.venv\Lib\site-packages\django\db\models\base.py", line 1169, in _save_table
    results = self._do_insert(
        cls._base_manager, using, fields, returning_fields, raw
    )
  File "E:\Desktop\VibeCoding\ownerblog\backend\.venv\Lib\site-packages\django\db\models\base.py", line 1210, in _do_insert
    return manager._insert(
           ~~~~~~~~~~~~~~~^
        [self],
        ^^^^^^^
    ...<3 lines>...
        raw=raw,
        ^^^^^^^^
    )
    ^
  File "E:\Desktop\VibeCoding\ownerblog\backend\.venv\Lib\site-packages\django\db\models\manager.py", line 87, in manager_method
    return getattr(self.get_queryset(), name)(*args, **kwargs)
           ~~~~~~~~~~~~~~~~~~~~~~~~~~~~~~~~~~^^^^^^^^^^^^^^^^^
  File "E:\Desktop\VibeCoding\ownerblog\backend\.venv\Lib\site-packages\django\db\models\query.py", line 1873, in _insert
    return query.get_compiler(using=using).execute_sql(returning_fields)
           ~~~~~~~~~~~~~~~~~~~~~~~~~~~~~~~~~~~~~~~~~~~^^^^^^^^^^^^^^^^^^
  File "E:\Desktop\VibeCoding\ownerblog\backend\.venv\Lib\site-packages\django\db\models\sql\compiler.py", line 1882, in execute_sql
    cursor.execute(sql, params)
    ~~~~~~~~~~~~~~^^^^^^^^^^^^^
  File "E:\Desktop\VibeCoding\ownerblog\backend\.venv\Lib\site-packages\django\db\backends\utils.py", line 122, in execute
    return super().execute(sql, params)
           ~~~~~~~~~~~~~~~^^^^^^^^^^^^^
  File "E:\Desktop\VibeCoding\ownerblog\backend\.venv\Lib\site-packages\django\db\backends\utils.py", line 79, in execute
    return self._execute_with_wrappers(
           ~~~~~~~~~~~~~~~~~~~~~~~~~~~^
        sql, params, many=False, executor=self._execute
        ^^^^^^^^^^^^^^^^^^^^^^^^^^^^^^^^^^^^^^^^^^^^^^^
    )
    ^
  File "E:\Desktop\VibeCoding\ownerblog\backend\.venv\Lib\site-packages\django\db\backends\utils.py", line 92, in _execute_with_wrappers
    return executor(sql, params, many, context)
  File "E:\Desktop\VibeCoding\ownerblog\backend\.venv\Lib\site-packages\django\db\backends\utils.py", line 100, in _execute
    with self.db.wrap_database_errors:
         ^^^^^^^^^^^^^^^^^^^^^^^^^^^^
  File "E:\Desktop\VibeCoding\ownerblog\backend\.venv\Lib\site-packages\django\db\utils.py", line 91, in __exit__
    raise dj_exc_value.with_traceback(traceback) from exc_value
  File "E:\Desktop\VibeCoding\ownerblog\backend\.venv\Lib\site-packages\django\db\backends\utils.py", line 105, in _execute
    return self.cursor.execute(sql, params)
           ~~~~~~~~~~~~~~~~~~~^^^^^^^^^^^^^
  File "E:\Desktop\VibeCoding\ownerblog\backend\.venv\Lib\site-packages\django\db\backends\sqlite3\base.py", line 360, in execute
    return super().execute(query, params)
           ~~~~~~~~~~~~~~~^^^^^^^^^^^^^^^
django.db.utils.IntegrityError: UNIQUE constraint failed: knowledge_knowledgepipelinejob.idempotency_key
[17/Sep/2026 09:35:24] "POST /api/knowledge/pipeline HTTP/1.1" 500 203820
[17/Sep/2026 09:35:24] "GET /api/knowledge/pipeline/csrf HTTP/1.1" 200 38
Internal Server Error: /api/knowledge/pipeline
Traceback (most recent call last):
  File "E:\Desktop\VibeCoding\ownerblog\backend\.venv\Lib\site-packages\django\db\backends\utils.py", line 105, in _execute
    return self.cursor.execute(sql, params)
           ~~~~~~~~~~~~~~~~~~~^^^^^^^^^^^^^
  File "E:\Desktop\VibeCoding\ownerblog\backend\.venv\Lib\site-packages\django\db\backends\sqlite3\base.py", line 360, in execute
    return super().execute(query, params)
           ~~~~~~~~~~~~~~~^^^^^^^^^^^^^^^
sqlite3.IntegrityError: UNIQUE constraint failed: knowledge_knowledgepipelinejob.idempotency_key

The above exception was the direct cause of the following exception:

Traceback (most recent call last):
  File "E:\Desktop\VibeCoding\ownerblog\backend\.venv\Lib\site-packages\django\core\handlers\exception.py", line 55, in inner
    response = get_response(request)
  File "E:\Desktop\VibeCoding\ownerblog\backend\.venv\Lib\site-packages\django\core\handlers\base.py", line 197, in _get_response
    response = wrapped_callback(request, *callback_args, **callback_kwargs)
  File "E:\Desktop\VibeCoding\ownerblog\backend\.venv\Lib\site-packages\django\utils\decorators.py", line 192, in _view_wrapper
    result = _process_exception(request, e)
  File "E:\Desktop\VibeCoding\ownerblog\backend\.venv\Lib\site-packages\django\utils\decorators.py", line 190, in _view_wrapper
    response = view_func(request, *args, **kwargs)
  File "E:\Desktop\VibeCoding\ownerblog\backend\.venv\Lib\site-packages\django\views\decorators\http.py", line 64, in inner
    return func(request, *args, **kwargs)
  File "E:\Desktop\VibeCoding\ownerblog\backend\knowledge\views.py", line 35, in pipeline_create
    job = KnowledgePipelineJob.objects.create(
        document=document, source_storage_key=f"knowledge/{document.public_id}/source.pdf",
    ...<2 lines>...
        idempotency_key=digest.hexdigest(),
    )
  File "E:\Desktop\VibeCoding\ownerblog\backend\.venv\Lib\site-packages\django\db\models\manager.py", line 87, in manager_method
    return getattr(self.get_queryset(), name)(*args, **kwargs)
           ~~~~~~~~~~~~~~~~~~~~~~~~~~~~~~~~~~^^^^^^^^^^^^^^^^^
  File "E:\Desktop\VibeCoding\ownerblog\backend\.venv\Lib\site-packages\django\db\models\query.py", line 665, in create
    obj.save(force_insert=True, using=self.db)
    ~~~~~~~~^^^^^^^^^^^^^^^^^^^^^^^^^^^^^^^^^^
  File "E:\Desktop\VibeCoding\ownerblog\backend\.venv\Lib\site-packages\django\db\models\base.py", line 902, in save
    self.save_base(
    ~~~~~~~~~~~~~~^
        using=using,
        ^^^^^^^^^^^^
    ...<2 lines>...
        update_fields=update_fields,
        ^^^^^^^^^^^^^^^^^^^^^^^^^^^^
    )
    ^
  File "E:\Desktop\VibeCoding\ownerblog\backend\.venv\Lib\site-packages\django\db\models\base.py", line 1008, in save_base
    updated = self._save_table(
        raw,
    ...<4 lines>...
        update_fields,
    )
  File "E:\Desktop\VibeCoding\ownerblog\backend\.venv\Lib\site-packages\django\db\models\base.py", line 1169, in _save_table
    results = self._do_insert(
        cls._base_manager, using, fields, returning_fields, raw
    )
  File "E:\Desktop\VibeCoding\ownerblog\backend\.venv\Lib\site-packages\django\db\models\base.py", line 1210, in _do_insert
    return manager._insert(
           ~~~~~~~~~~~~~~~^
        [self],
        ^^^^^^^
    ...<3 lines>...
        raw=raw,
        ^^^^^^^^
    )
    ^
  File "E:\Desktop\VibeCoding\ownerblog\backend\.venv\Lib\site-packages\django\db\models\manager.py", line 87, in manager_method
    return getattr(self.get_queryset(), name)(*args, **kwargs)
           ~~~~~~~~~~~~~~~~~~~~~~~~~~~~~~~~~~^^^^^^^^^^^^^^^^^
  File "E:\Desktop\VibeCoding\ownerblog\backend\.venv\Lib\site-packages\django\db\models\query.py", line 1873, in _insert
    return query.get_compiler(using=using).execute_sql(returning_fields)
           ~~~~~~~~~~~~~~~~~~~~~~~~~~~~~~~~~~~~~~~~~~~^^^^^^^^^^^^^^^^^^
  File "E:\Desktop\VibeCoding\ownerblog\backend\.venv\Lib\site-packages\django\db\models\sql\compiler.py", line 1882, in execute_sql
    cursor.execute(sql, params)
    ~~~~~~~~~~~~~~^^^^^^^^^^^^^
  File "E:\Desktop\VibeCoding\ownerblog\backend\.venv\Lib\site-packages\django\db\backends\utils.py", line 122, in execute
    return super().execute(sql, params)
           ~~~~~~~~~~~~~~~^^^^^^^^^^^^^
  File "E:\Desktop\VibeCoding\ownerblog\backend\.venv\Lib\site-packages\django\db\backends\utils.py", line 79, in execute
    return self._execute_with_wrappers(
           ~~~~~~~~~~~~~~~~~~~~~~~~~~~^
        sql, params, many=False, executor=self._execute
        ^^^^^^^^^^^^^^^^^^^^^^^^^^^^^^^^^^^^^^^^^^^^^^^
    )
    ^
  File "E:\Desktop\VibeCoding\ownerblog\backend\.venv\Lib\site-packages\django\db\backends\utils.py", line 92, in _execute_with_wrappers
    return executor(sql, params, many, context)
  File "E:\Desktop\VibeCoding\ownerblog\backend\.venv\Lib\site-packages\django\db\backends\utils.py", line 100, in _execute
    with self.db.wrap_database_errors:
         ^^^^^^^^^^^^^^^^^^^^^^^^^^^^
  File "E:\Desktop\VibeCoding\ownerblog\backend\.venv\Lib\site-packages\django\db\utils.py", line 91, in __exit__
    raise dj_exc_value.with_traceback(traceback) from exc_value
  File "E:\Desktop\VibeCoding\ownerblog\backend\.venv\Lib\site-packages\django\db\backends\utils.py", line 105, in _execute
    return self.cursor.execute(sql, params)
           ~~~~~~~~~~~~~~~~~~~^^^^^^^^^^^^^
  File "E:\Desktop\VibeCoding\ownerblog\backend\.venv\Lib\site-packages\django\db\backends\sqlite3\base.py", line 360, in execute
    return super().execute(query, params)
           ~~~~~~~~~~~~~~~^^^^^^^^^^^^^^^
django.db.utils.IntegrityError: UNIQUE constraint failed: knowledge_knowledgepipelinejob.idempotency_key
[17/Sep/2026 09:35:24] "POST /api/knowledge/pipeline HTTP/1.1" 500 203820
[17/Sep/2026 09:35:24] "GET /api/knowledge/pipeline/csrf HTTP/1.1" 200 38
Internal Server Error: /api/knowledge/pipeline
Traceback (most recent call last):
  File "E:\Desktop\VibeCoding\ownerblog\backend\.venv\Lib\site-packages\django\db\backends\utils.py", line 105, in _execute
    return self.cursor.execute(sql, params)
           ~~~~~~~~~~~~~~~~~~~^^^^^^^^^^^^^
  File "E:\Desktop\VibeCoding\ownerblog\backend\.venv\Lib\site-packages\django\db\backends\sqlite3\base.py", line 360, in execute
    return super().execute(query, params)
           ~~~~~~~~~~~~~~~^^^^^^^^^^^^^^^
sqlite3.IntegrityError: UNIQUE constraint failed: knowledge_knowledgepipelinejob.idempotency_key

The above exception was the direct cause of the following exception:

Traceback (most recent call last):
  File "E:\Desktop\VibeCoding\ownerblog\backend\.venv\Lib\site-packages\django\core\handlers\exception.py", line 55, in inner
    response = get_response(request)
  File "E:\Desktop\VibeCoding\ownerblog\backend\.venv\Lib\site-packages\django\core\handlers\base.py", line 197, in _get_response
    response = wrapped_callback(request, *callback_args, **callback_kwargs)
  File "E:\Desktop\VibeCoding\ownerblog\backend\.venv\Lib\site-packages\django\utils\decorators.py", line 192, in _view_wrapper
    result = _process_exception(request, e)
  File "E:\Desktop\VibeCoding\ownerblog\backend\.venv\Lib\site-packages\django\utils\decorators.py", line 190, in _view_wrapper
    response = view_func(request, *args, **kwargs)
  File "E:\Desktop\VibeCoding\ownerblog\backend\.venv\Lib\site-packages\django\views\decorators\http.py", line 64, in inner
    return func(request, *args, **kwargs)
  File "E:\Desktop\VibeCoding\ownerblog\backend\knowledge\views.py", line 35, in pipeline_create
    job = KnowledgePipelineJob.objects.create(
        document=document, source_storage_key=f"knowledge/{document.public_id}/source.pdf",
    ...<2 lines>...
        idempotency_key=digest.hexdigest(),
    )
  File "E:\Desktop\VibeCoding\ownerblog\backend\.venv\Lib\site-packages\django\db\models\manager.py", line 87, in manager_method
    return getattr(self.get_queryset(), name)(*args, **kwargs)
           ~~~~~~~~~~~~~~~~~~~~~~~~~~~~~~~~~~^^^^^^^^^^^^^^^^^
  File "E:\Desktop\VibeCoding\ownerblog\backend\.venv\Lib\site-packages\django\db\models\query.py", line 665, in create
    obj.save(force_insert=True, using=self.db)
    ~~~~~~~~^^^^^^^^^^^^^^^^^^^^^^^^^^^^^^^^^^
  File "E:\Desktop\VibeCoding\ownerblog\backend\.venv\Lib\site-packages\django\db\models\base.py", line 902, in save
    self.save_base(
    ~~~~~~~~~~~~~~^
        using=using,
        ^^^^^^^^^^^^
    ...<2 lines>...
        update_fields=update_fields,
        ^^^^^^^^^^^^^^^^^^^^^^^^^^^^
    )
    ^
  File "E:\Desktop\VibeCoding\ownerblog\backend\.venv\Lib\site-packages\django\db\models\base.py", line 1008, in save_base
    updated = self._save_table(
        raw,
    ...<4 lines>...
        update_fields,
    )
  File "E:\Desktop\VibeCoding\ownerblog\backend\.venv\Lib\site-packages\django\db\models\base.py", line 1169, in _save_table
    results = self._do_insert(
        cls._base_manager, using, fields, returning_fields, raw
    )
  File "E:\Desktop\VibeCoding\ownerblog\backend\.venv\Lib\site-packages\django\db\models\base.py", line 1210, in _do_insert
    return manager._insert(
           ~~~~~~~~~~~~~~~^
        [self],
        ^^^^^^^
    ...<3 lines>...
        raw=raw,
        ^^^^^^^^
    )
    ^
  File "E:\Desktop\VibeCoding\ownerblog\backend\.venv\Lib\site-packages\django\db\models\manager.py", line 87, in manager_method
    return getattr(self.get_queryset(), name)(*args, **kwargs)
           ~~~~~~~~~~~~~~~~~~~~~~~~~~~~~~~~~~^^^^^^^^^^^^^^^^^
  File "E:\Desktop\VibeCoding\ownerblog\backend\.venv\Lib\site-packages\django\db\models\query.py", line 1873, in _insert
    return query.get_compiler(using=using).execute_sql(returning_fields)
           ~~~~~~~~~~~~~~~~~~~~~~~~~~~~~~~~~~~~~~~~~~~^^^^^^^^^^^^^^^^^^
  File "E:\Desktop\VibeCoding\ownerblog\backend\.venv\Lib\site-packages\django\db\models\sql\compiler.py", line 1882, in execute_sql
    cursor.execute(sql, params)
    ~~~~~~~~~~~~~~^^^^^^^^^^^^^
  File "E:\Desktop\VibeCoding\ownerblog\backend\.venv\Lib\site-packages\django\db\backends\utils.py", line 122, in execute
    return super().execute(sql, params)
           ~~~~~~~~~~~~~~~^^^^^^^^^^^^^
  File "E:\Desktop\VibeCoding\ownerblog\backend\.venv\Lib\site-packages\django\db\backends\utils.py", line 79, in execute
    return self._execute_with_wrappers(
           ~~~~~~~~~~~~~~~~~~~~~~~~~~~^
        sql, params, many=False, executor=self._execute
        ^^^^^^^^^^^^^^^^^^^^^^^^^^^^^^^^^^^^^^^^^^^^^^^
    )
    ^
  File "E:\Desktop\VibeCoding\ownerblog\backend\.venv\Lib\site-packages\django\db\backends\utils.py", line 92, in _execute_with_wrappers
    return executor(sql, params, many, context)
  File "E:\Desktop\VibeCoding\ownerblog\backend\.venv\Lib\site-packages\django\db\backends\utils.py", line 100, in _execute
    with self.db.wrap_database_errors:
         ^^^^^^^^^^^^^^^^^^^^^^^^^^^^
  File "E:\Desktop\VibeCoding\ownerblog\backend\.venv\Lib\site-packages\django\db\utils.py", line 91, in __exit__
    raise dj_exc_value.with_traceback(traceback) from exc_value
  File "E:\Desktop\VibeCoding\ownerblog\backend\.venv\Lib\site-packages\django\db\backends\utils.py", line 105, in _execute
    return self.cursor.execute(sql, params)
           ~~~~~~~~~~~~~~~~~~~^^^^^^^^^^^^^
  File "E:\Desktop\VibeCoding\ownerblog\backend\.venv\Lib\site-packages\django\db\backends\sqlite3\base.py", line 360, in execute
    return super().execute(query, params)
           ~~~~~~~~~~~~~~~^^^^^^^^^^^^^^^
django.db.utils.IntegrityError: UNIQUE constraint failed: knowledge_knowledgepipelinejob.idempotency_key
[17/Sep/2026 09:35:24] "POST /api/knowledge/pipeline HTTP/1.1" 500 203820
[17/Sep/2026 09:35:25] "GET /api/knowledge/pipeline/csrf HTTP/1.1" 200 38
Internal Server Error: /api/knowledge/pipeline
Traceback (most recent call last):
  File "E:\Desktop\VibeCoding\ownerblog\backend\.venv\Lib\site-packages\django\db\backends\utils.py", line 105, in _execute
    return self.cursor.execute(sql, params)
           ~~~~~~~~~~~~~~~~~~~^^^^^^^^^^^^^
  File "E:\Desktop\VibeCoding\ownerblog\backend\.venv\Lib\site-packages\django\db\backends\sqlite3\base.py", line 360, in execute
    return super().execute(query, params)
           ~~~~~~~~~~~~~~~^^^^^^^^^^^^^^^
sqlite3.IntegrityError: UNIQUE constraint failed: knowledge_knowledgepipelinejob.idempotency_key

The above exception was the direct cause of the following exception:

Traceback (most recent call last):
  File "E:\Desktop\VibeCoding\ownerblog\backend\.venv\Lib\site-packages\django\core\handlers\exception.py", line 55, in inner
    response = get_response(request)
  File "E:\Desktop\VibeCoding\ownerblog\backend\.venv\Lib\site-packages\django\core\handlers\base.py", line 197, in _get_response
    response = wrapped_callback(request, *callback_args, **callback_kwargs)
  File "E:\Desktop\VibeCoding\ownerblog\backend\.venv\Lib\site-packages\django\utils\decorators.py", line 192, in _view_wrapper
    result = _process_exception(request, e)
  File "E:\Desktop\VibeCoding\ownerblog\backend\.venv\Lib\site-packages\django\utils\decorators.py", line 190, in _view_wrapper
    response = view_func(request, *args, **kwargs)
  File "E:\Desktop\VibeCoding\ownerblog\backend\.venv\Lib\site-packages\django\views\decorators\http.py", line 64, in inner
    return func(request, *args, **kwargs)
  File "E:\Desktop\VibeCoding\ownerblog\backend\knowledge\views.py", line 35, in pipeline_create
    job = KnowledgePipelineJob.objects.create(
        document=document, source_storage_key=f"knowledge/{document.public_id}/source.pdf",
    ...<2 lines>...
        idempotency_key=digest.hexdigest(),
    )
  File "E:\Desktop\VibeCoding\ownerblog\backend\.venv\Lib\site-packages\django\db\models\manager.py", line 87, in manager_method
    return getattr(self.get_queryset(), name)(*args, **kwargs)
           ~~~~~~~~~~~~~~~~~~~~~~~~~~~~~~~~~~^^^^^^^^^^^^^^^^^
  File "E:\Desktop\VibeCoding\ownerblog\backend\.venv\Lib\site-packages\django\db\models\query.py", line 665, in create
    obj.save(force_insert=True, using=self.db)
    ~~~~~~~~^^^^^^^^^^^^^^^^^^^^^^^^^^^^^^^^^^
  File "E:\Desktop\VibeCoding\ownerblog\backend\.venv\Lib\site-packages\django\db\models\base.py", line 902, in save
    self.save_base(
    ~~~~~~~~~~~~~~^
        using=using,
        ^^^^^^^^^^^^
    ...<2 lines>...
        update_fields=update_fields,
        ^^^^^^^^^^^^^^^^^^^^^^^^^^^^
    )
    ^
  File "E:\Desktop\VibeCoding\ownerblog\backend\.venv\Lib\site-packages\django\db\models\base.py", line 1008, in save_base
    updated = self._save_table(
        raw,
    ...<4 lines>...
        update_fields,
    )
  File "E:\Desktop\VibeCoding\ownerblog\backend\.venv\Lib\site-packages\django\db\models\base.py", line 1169, in _save_table
    results = self._do_insert(
        cls._base_manager, using, fields, returning_fields, raw
    )
  File "E:\Desktop\VibeCoding\ownerblog\backend\.venv\Lib\site-packages\django\db\models\base.py", line 1210, in _do_insert
    return manager._insert(
           ~~~~~~~~~~~~~~~^
        [self],
        ^^^^^^^
    ...<3 lines>...
        raw=raw,
        ^^^^^^^^
    )
    ^
  File "E:\Desktop\VibeCoding\ownerblog\backend\.venv\Lib\site-packages\django\db\models\manager.py", line 87, in manager_method
    return getattr(self.get_queryset(), name)(*args, **kwargs)
           ~~~~~~~~~~~~~~~~~~~~~~~~~~~~~~~~~~^^^^^^^^^^^^^^^^^
  File "E:\Desktop\VibeCoding\ownerblog\backend\.venv\Lib\site-packages\django\db\models\query.py", line 1873, in _insert
    return query.get_compiler(using=using).execute_sql(returning_fields)
           ~~~~~~~~~~~~~~~~~~~~~~~~~~~~~~~~~~~~~~~~~~~^^^^^^^^^^^^^^^^^^
  File "E:\Desktop\VibeCoding\ownerblog\backend\.venv\Lib\site-packages\django\db\models\sql\compiler.py", line 1882, in execute_sql
    cursor.execute(sql, params)
    ~~~~~~~~~~~~~~^^^^^^^^^^^^^
  File "E:\Desktop\VibeCoding\ownerblog\backend\.venv\Lib\site-packages\django\db\backends\utils.py", line 122, in execute
    return super().execute(sql, params)
           ~~~~~~~~~~~~~~~^^^^^^^^^^^^^
  File "E:\Desktop\VibeCoding\ownerblog\backend\.venv\Lib\site-packages\django\db\backends\utils.py", line 79, in execute
    return self._execute_with_wrappers(
           ~~~~~~~~~~~~~~~~~~~~~~~~~~~^
        sql, params, many=False, executor=self._execute
        ^^^^^^^^^^^^^^^^^^^^^^^^^^^^^^^^^^^^^^^^^^^^^^^
    )
    ^
  File "E:\Desktop\VibeCoding\ownerblog\backend\.venv\Lib\site-packages\django\db\backends\utils.py", line 92, in _execute_with_wrappers
    return executor(sql, params, many, context)
  File "E:\Desktop\VibeCoding\ownerblog\backend\.venv\Lib\site-packages\django\db\backends\utils.py", line 100, in _execute
    with self.db.wrap_database_errors:
         ^^^^^^^^^^^^^^^^^^^^^^^^^^^^
  File "E:\Desktop\VibeCoding\ownerblog\backend\.venv\Lib\site-packages\django\db\utils.py", line 91, in __exit__
    raise dj_exc_value.with_traceback(traceback) from exc_value
  File "E:\Desktop\VibeCoding\ownerblog\backend\.venv\Lib\site-packages\django\db\backends\utils.py", line 105, in _execute
    return self.cursor.execute(sql, params)
           ~~~~~~~~~~~~~~~~~~~^^^^^^^^^^^^^
  File "E:\Desktop\VibeCoding\ownerblog\backend\.venv\Lib\site-packages\django\db\backends\sqlite3\base.py", line 360, in execute
    return super().execute(query, params)
           ~~~~~~~~~~~~~~~^^^^^^^^^^^^^^^
django.db.utils.IntegrityError: UNIQUE constraint failed: knowledge_knowledgepipelinejob.idempotency_key
[17/Sep/2026 09:35:25] "POST /api/knowledge/pipeline HTTP/1.1" 500 203820
E:\Desktop\VibeCoding\ownerblog\backend\knowledge\views.py changed, reloading.
Watching for file changes with StatReloader
[17/Sep/2026 09:36:30] "GET /api/knowledge/pipeline/csrf HTTP/1.1" 200 38
Internal Server Error: /api/knowledge/pipeline
Traceback (most recent call last):
  File "E:\Desktop\VibeCoding\ownerblog\backend\.venv\Lib\site-packages\django\db\backends\utils.py", line 105, in _execute
    return self.cursor.execute(sql, params)
           ~~~~~~~~~~~~~~~~~~~^^^^^^^^^^^^^
  File "E:\Desktop\VibeCoding\ownerblog\backend\.venv\Lib\site-packages\django\db\backends\sqlite3\base.py", line 360, in execute
    return super().execute(query, params)
           ~~~~~~~~~~~~~~~^^^^^^^^^^^^^^^
sqlite3.IntegrityError: UNIQUE constraint failed: knowledge_knowledgepipelinejob.idempotency_key

The above exception was the direct cause of the following exception:

Traceback (most recent call last):
  File "E:\Desktop\VibeCoding\ownerblog\backend\.venv\Lib\site-packages\django\core\handlers\exception.py", line 55, in inner
    response = get_response(request)
  File "E:\Desktop\VibeCoding\ownerblog\backend\.venv\Lib\site-packages\django\core\handlers\base.py", line 197, in _get_response
    response = wrapped_callback(request, *callback_args, **callback_kwargs)
  File "E:\Desktop\VibeCoding\ownerblog\backend\.venv\Lib\site-packages\django\utils\decorators.py", line 192, in _view_wrapper
    result = _process_exception(request, e)
  File "E:\Desktop\VibeCoding\ownerblog\backend\.venv\Lib\site-packages\django\utils\decorators.py", line 190, in _view_wrapper
    response = view_func(request, *args, **kwargs)
  File "E:\Desktop\VibeCoding\ownerblog\backend\.venv\Lib\site-packages\django\views\decorators\http.py", line 64, in inner
    return func(request, *args, **kwargs)
  File "E:\Desktop\VibeCoding\ownerblog\backend\knowledge\views.py", line 35, in pipeline_create
    job = KnowledgePipelineJob.objects.create(
        document=document, source_storage_key=f"knowledge/{document.public_id}/source.pdf",
    ...<2 lines>...
        idempotency_key=digest.hexdigest(),
    )
  File "E:\Desktop\VibeCoding\ownerblog\backend\.venv\Lib\site-packages\django\db\models\manager.py", line 87, in manager_method
    return getattr(self.get_queryset(), name)(*args, **kwargs)
           ~~~~~~~~~~~~~~~~~~~~~~~~~~~~~~~~~~^^^^^^^^^^^^^^^^^
  File "E:\Desktop\VibeCoding\ownerblog\backend\.venv\Lib\site-packages\django\db\models\query.py", line 665, in create
    obj.save(force_insert=True, using=self.db)
    ~~~~~~~~^^^^^^^^^^^^^^^^^^^^^^^^^^^^^^^^^^
  File "E:\Desktop\VibeCoding\ownerblog\backend\.venv\Lib\site-packages\django\db\models\base.py", line 902, in save
    self.save_base(
    ~~~~~~~~~~~~~~^
        using=using,
        ^^^^^^^^^^^^
    ...<2 lines>...
        update_fields=update_fields,
        ^^^^^^^^^^^^^^^^^^^^^^^^^^^^
    )
    ^
  File "E:\Desktop\VibeCoding\ownerblog\backend\.venv\Lib\site-packages\django\db\models\base.py", line 1008, in save_base
    updated = self._save_table(
        raw,
    ...<4 lines>...
        update_fields,
    )
  File "E:\Desktop\VibeCoding\ownerblog\backend\.venv\Lib\site-packages\django\db\models\base.py", line 1169, in _save_table
    results = self._do_insert(
        cls._base_manager, using, fields, returning_fields, raw
    )
  File "E:\Desktop\VibeCoding\ownerblog\backend\.venv\Lib\site-packages\django\db\models\base.py", line 1210, in _do_insert
    return manager._insert(
           ~~~~~~~~~~~~~~~^
        [self],
        ^^^^^^^
    ...<3 lines>...
        raw=raw,
        ^^^^^^^^
    )
    ^
  File "E:\Desktop\VibeCoding\ownerblog\backend\.venv\Lib\site-packages\django\db\models\manager.py", line 87, in manager_method
    return getattr(self.get_queryset(), name)(*args, **kwargs)
           ~~~~~~~~~~~~~~~~~~~~~~~~~~~~~~~~~~^^^^^^^^^^^^^^^^^
  File "E:\Desktop\VibeCoding\ownerblog\backend\.venv\Lib\site-packages\django\db\models\query.py", line 1873, in _insert
    return query.get_compiler(using=using).execute_sql(returning_fields)
           ~~~~~~~~~~~~~~~~~~~~~~~~~~~~~~~~~~~~~~~~~~~^^^^^^^^^^^^^^^^^^
  File "E:\Desktop\VibeCoding\ownerblog\backend\.venv\Lib\site-packages\django\db\models\sql\compiler.py", line 1882, in execute_sql
    cursor.execute(sql, params)
    ~~~~~~~~~~~~~~^^^^^^^^^^^^^
  File "E:\Desktop\VibeCoding\ownerblog\backend\.venv\Lib\site-packages\django\db\backends\utils.py", line 122, in execute
    return super().execute(sql, params)
           ~~~~~~~~~~~~~~~^^^^^^^^^^^^^
  File "E:\Desktop\VibeCoding\ownerblog\backend\.venv\Lib\site-packages\django\db\backends\utils.py", line 79, in execute
    return self._execute_with_wrappers(
           ~~~~~~~~~~~~~~~~~~~~~~~~~~~^
        sql, params, many=False, executor=self._execute
        ^^^^^^^^^^^^^^^^^^^^^^^^^^^^^^^^^^^^^^^^^^^^^^^
    )
    ^
  File "E:\Desktop\VibeCoding\ownerblog\backend\.venv\Lib\site-packages\django\db\backends\utils.py", line 92, in _execute_with_wrappers
    return executor(sql, params, many, context)
  File "E:\Desktop\VibeCoding\ownerblog\backend\.venv\Lib\site-packages\django\db\backends\utils.py", line 100, in _execute
    with self.db.wrap_database_errors:
         ^^^^^^^^^^^^^^^^^^^^^^^^^^^^
  File "E:\Desktop\VibeCoding\ownerblog\backend\.venv\Lib\site-packages\django\db\utils.py", line 91, in __exit__
    raise dj_exc_value.with_traceback(traceback) from exc_value
  File "E:\Desktop\VibeCoding\ownerblog\backend\.venv\Lib\site-packages\django\db\backends\utils.py", line 105, in _execute
    return self.cursor.execute(sql, params)
           ~~~~~~~~~~~~~~~~~~~^^^^^^^^^^^^^
  File "E:\Desktop\VibeCoding\ownerblog\backend\.venv\Lib\site-packages\django\db\backends\sqlite3\base.py", line 360, in execute
    return super().execute(query, params)
           ~~~~~~~~~~~~~~~^^^^^^^^^^^^^^^
django.db.utils.IntegrityError: UNIQUE constraint failed: knowledge_knowledgepipelinejob.idempotency_key
[17/Sep/2026 09:36:30] "POST /api/knowledge/pipeline HTTP/1.1" 500 203787
[17/Sep/2026 09:36:31] "GET /api/knowledge/pipeline/csrf HTTP/1.1" 200 38
Internal Server Error: /api/knowledge/pipeline
Traceback (most recent call last):
  File "E:\Desktop\VibeCoding\ownerblog\backend\.venv\Lib\site-packages\django\db\backends\utils.py", line 105, in _execute
    return self.cursor.execute(sql, params)
           ~~~~~~~~~~~~~~~~~~~^^^^^^^^^^^^^
  File "E:\Desktop\VibeCoding\ownerblog\backend\.venv\Lib\site-packages\django\db\backends\sqlite3\base.py", line 360, in execute
    return super().execute(query, params)
           ~~~~~~~~~~~~~~~^^^^^^^^^^^^^^^
sqlite3.IntegrityError: UNIQUE constraint failed: knowledge_knowledgepipelinejob.idempotency_key

The above exception was the direct cause of the following exception:

Traceback (most recent call last):
  File "E:\Desktop\VibeCoding\ownerblog\backend\.venv\Lib\site-packages\django\core\handlers\exception.py", line 55, in inner
    response = get_response(request)
  File "E:\Desktop\VibeCoding\ownerblog\backend\.venv\Lib\site-packages\django\core\handlers\base.py", line 197, in _get_response
    response = wrapped_callback(request, *callback_args, **callback_kwargs)
  File "E:\Desktop\VibeCoding\ownerblog\backend\.venv\Lib\site-packages\django\utils\decorators.py", line 192, in _view_wrapper
    result = _process_exception(request, e)
  File "E:\Desktop\VibeCoding\ownerblog\backend\.venv\Lib\site-packages\django\utils\decorators.py", line 190, in _view_wrapper
    response = view_func(request, *args, **kwargs)
  File "E:\Desktop\VibeCoding\ownerblog\backend\.venv\Lib\site-packages\django\views\decorators\http.py", line 64, in inner
    return func(request, *args, **kwargs)
  File "E:\Desktop\VibeCoding\ownerblog\backend\knowledge\views.py", line 35, in pipeline_create
    job = KnowledgePipelineJob.objects.create(
        document=document, source_storage_key=f"knowledge/{document.public_id}/source.pdf",
    ...<2 lines>...
        idempotency_key=digest.hexdigest(),
    )
  File "E:\Desktop\VibeCoding\ownerblog\backend\.venv\Lib\site-packages\django\db\models\manager.py", line 87, in manager_method
    return getattr(self.get_queryset(), name)(*args, **kwargs)
           ~~~~~~~~~~~~~~~~~~~~~~~~~~~~~~~~~~^^^^^^^^^^^^^^^^^
  File "E:\Desktop\VibeCoding\ownerblog\backend\.venv\Lib\site-packages\django\db\models\query.py", line 665, in create
    obj.save(force_insert=True, using=self.db)
    ~~~~~~~~^^^^^^^^^^^^^^^^^^^^^^^^^^^^^^^^^^
  File "E:\Desktop\VibeCoding\ownerblog\backend\.venv\Lib\site-packages\django\db\models\base.py", line 902, in save
    self.save_base(
    ~~~~~~~~~~~~~~^
        using=using,
        ^^^^^^^^^^^^
    ...<2 lines>...
        update_fields=update_fields,
        ^^^^^^^^^^^^^^^^^^^^^^^^^^^^
    )
    ^
  File "E:\Desktop\VibeCoding\ownerblog\backend\.venv\Lib\site-packages\django\db\models\base.py", line 1008, in save_base
    updated = self._save_table(
        raw,
    ...<4 lines>...
        update_fields,
    )
  File "E:\Desktop\VibeCoding\ownerblog\backend\.venv\Lib\site-packages\django\db\models\base.py", line 1169, in _save_table
    results = self._do_insert(
        cls._base_manager, using, fields, returning_fields, raw
    )
  File "E:\Desktop\VibeCoding\ownerblog\backend\.venv\Lib\site-packages\django\db\models\base.py", line 1210, in _do_insert
    return manager._insert(
           ~~~~~~~~~~~~~~~^
        [self],
        ^^^^^^^
    ...<3 lines>...
        raw=raw,
        ^^^^^^^^
    )
    ^
  File "E:\Desktop\VibeCoding\ownerblog\backend\.venv\Lib\site-packages\django\db\models\manager.py", line 87, in manager_method
    return getattr(self.get_queryset(), name)(*args, **kwargs)
           ~~~~~~~~~~~~~~~~~~~~~~~~~~~~~~~~~~^^^^^^^^^^^^^^^^^
  File "E:\Desktop\VibeCoding\ownerblog\backend\.venv\Lib\site-packages\django\db\models\query.py", line 1873, in _insert
    return query.get_compiler(using=using).execute_sql(returning_fields)
           ~~~~~~~~~~~~~~~~~~~~~~~~~~~~~~~~~~~~~~~~~~~^^^^^^^^^^^^^^^^^^
  File "E:\Desktop\VibeCoding\ownerblog\backend\.venv\Lib\site-packages\django\db\models\sql\compiler.py", line 1882, in execute_sql
    cursor.execute(sql, params)
    ~~~~~~~~~~~~~~^^^^^^^^^^^^^
  File "E:\Desktop\VibeCoding\ownerblog\backend\.venv\Lib\site-packages\django\db\backends\utils.py", line 122, in execute
    return super().execute(sql, params)
           ~~~~~~~~~~~~~~~^^^^^^^^^^^^^
  File "E:\Desktop\VibeCoding\ownerblog\backend\.venv\Lib\site-packages\django\db\backends\utils.py", line 79, in execute
    return self._execute_with_wrappers(
           ~~~~~~~~~~~~~~~~~~~~~~~~~~~^
        sql, params, many=False, executor=self._execute
        ^^^^^^^^^^^^^^^^^^^^^^^^^^^^^^^^^^^^^^^^^^^^^^^
    )
    ^
  File "E:\Desktop\VibeCoding\ownerblog\backend\.venv\Lib\site-packages\django\db\backends\utils.py", line 92, in _execute_with_wrappers
    return executor(sql, params, many, context)
  File "E:\Desktop\VibeCoding\ownerblog\backend\.venv\Lib\site-packages\django\db\backends\utils.py", line 100, in _execute
    with self.db.wrap_database_errors:
         ^^^^^^^^^^^^^^^^^^^^^^^^^^^^
  File "E:\Desktop\VibeCoding\ownerblog\backend\.venv\Lib\site-packages\django\db\utils.py", line 91, in __exit__
    raise dj_exc_value.with_traceback(traceback) from exc_value
  File "E:\Desktop\VibeCoding\ownerblog\backend\.venv\Lib\site-packages\django\db\backends\utils.py", line 105, in _execute
    return self.cursor.execute(sql, params)
           ~~~~~~~~~~~~~~~~~~~^^^^^^^^^^^^^
  File "E:\Desktop\VibeCoding\ownerblog\backend\.venv\Lib\site-packages\django\db\backends\sqlite3\base.py", line 360, in execute
    return super().execute(query, params)
           ~~~~~~~~~~~~~~~^^^^^^^^^^^^^^^
django.db.utils.IntegrityError: UNIQUE constraint failed: knowledge_knowledgepipelinejob.idempotency_key
[17/Sep/2026 09:36:31] "POST /api/knowledge/pipeline HTTP/1.1" 500 203787
[17/Sep/2026 09:36:31] "GET /api/knowledge/pipeline/csrf HTTP/1.1" 200 38
Internal Server Error: /api/knowledge/pipeline
Traceback (most recent call last):
  File "E:\Desktop\VibeCoding\ownerblog\backend\.venv\Lib\site-packages\django\db\backends\utils.py", line 105, in _execute
    return self.cursor.execute(sql, params)
           ~~~~~~~~~~~~~~~~~~~^^^^^^^^^^^^^
  File "E:\Desktop\VibeCoding\ownerblog\backend\.venv\Lib\site-packages\django\db\backends\sqlite3\base.py", line 360, in execute
    return super().execute(query, params)
           ~~~~~~~~~~~~~~~^^^^^^^^^^^^^^^
sqlite3.IntegrityError: UNIQUE constraint failed: knowledge_knowledgepipelinejob.idempotency_key

The above exception was the direct cause of the following exception:

Traceback (most recent call last):
  File "E:\Desktop\VibeCoding\ownerblog\backend\.venv\Lib\site-packages\django\core\handlers\exception.py", line 55, in inner
    response = get_response(request)
  File "E:\Desktop\VibeCoding\ownerblog\backend\.venv\Lib\site-packages\django\core\handlers\base.py", line 197, in _get_response
    response = wrapped_callback(request, *callback_args, **callback_kwargs)
  File "E:\Desktop\VibeCoding\ownerblog\backend\.venv\Lib\site-packages\django\utils\decorators.py", line 192, in _view_wrapper
    result = _process_exception(request, e)
  File "E:\Desktop\VibeCoding\ownerblog\backend\.venv\Lib\site-packages\django\utils\decorators.py", line 190, in _view_wrapper
    response = view_func(request, *args, **kwargs)
  File "E:\Desktop\VibeCoding\ownerblog\backend\.venv\Lib\site-packages\django\views\decorators\http.py", line 64, in inner
    return func(request, *args, **kwargs)
  File "E:\Desktop\VibeCoding\ownerblog\backend\knowledge\views.py", line 35, in pipeline_create
    job = KnowledgePipelineJob.objects.create(
        document=document, source_storage_key=f"knowledge/{document.public_id}/source.pdf",
    ...<2 lines>...
        idempotency_key=digest.hexdigest(),
    )
  File "E:\Desktop\VibeCoding\ownerblog\backend\.venv\Lib\site-packages\django\db\models\manager.py", line 87, in manager_method
    return getattr(self.get_queryset(), name)(*args, **kwargs)
           ~~~~~~~~~~~~~~~~~~~~~~~~~~~~~~~~~~^^^^^^^^^^^^^^^^^
  File "E:\Desktop\VibeCoding\ownerblog\backend\.venv\Lib\site-packages\django\db\models\query.py", line 665, in create
    obj.save(force_insert=True, using=self.db)
    ~~~~~~~~^^^^^^^^^^^^^^^^^^^^^^^^^^^^^^^^^^
  File "E:\Desktop\VibeCoding\ownerblog\backend\.venv\Lib\site-packages\django\db\models\base.py", line 902, in save
    self.save_base(
    ~~~~~~~~~~~~~~^
        using=using,
        ^^^^^^^^^^^^
    ...<2 lines>...
        update_fields=update_fields,
        ^^^^^^^^^^^^^^^^^^^^^^^^^^^^
    )
    ^
  File "E:\Desktop\VibeCoding\ownerblog\backend\.venv\Lib\site-packages\django\db\models\base.py", line 1008, in save_base
    updated = self._save_table(
        raw,
    ...<4 lines>...
        update_fields,
    )
  File "E:\Desktop\VibeCoding\ownerblog\backend\.venv\Lib\site-packages\django\db\models\base.py", line 1169, in _save_table
    results = self._do_insert(
        cls._base_manager, using, fields, returning_fields, raw
    )
  File "E:\Desktop\VibeCoding\ownerblog\backend\.venv\Lib\site-packages\django\db\models\base.py", line 1210, in _do_insert
    return manager._insert(
           ~~~~~~~~~~~~~~~^
        [self],
        ^^^^^^^
    ...<3 lines>...
        raw=raw,
        ^^^^^^^^
    )
    ^
  File "E:\Desktop\VibeCoding\ownerblog\backend\.venv\Lib\site-packages\django\db\models\manager.py", line 87, in manager_method
    return getattr(self.get_queryset(), name)(*args, **kwargs)
           ~~~~~~~~~~~~~~~~~~~~~~~~~~~~~~~~~~^^^^^^^^^^^^^^^^^
  File "E:\Desktop\VibeCoding\ownerblog\backend\.venv\Lib\site-packages\django\db\models\query.py", line 1873, in _insert
    return query.get_compiler(using=using).execute_sql(returning_fields)
           ~~~~~~~~~~~~~~~~~~~~~~~~~~~~~~~~~~~~~~~~~~~^^^^^^^^^^^^^^^^^^
  File "E:\Desktop\VibeCoding\ownerblog\backend\.venv\Lib\site-packages\django\db\models\sql\compiler.py", line 1882, in execute_sql
    cursor.execute(sql, params)
    ~~~~~~~~~~~~~~^^^^^^^^^^^^^
  File "E:\Desktop\VibeCoding\ownerblog\backend\.venv\Lib\site-packages\django\db\backends\utils.py", line 122, in execute
    return super().execute(sql, params)
           ~~~~~~~~~~~~~~~^^^^^^^^^^^^^
  File "E:\Desktop\VibeCoding\ownerblog\backend\.venv\Lib\site-packages\django\db\backends\utils.py", line 79, in execute
    return self._execute_with_wrappers(
           ~~~~~~~~~~~~~~~~~~~~~~~~~~~^
        sql, params, many=False, executor=self._execute
        ^^^^^^^^^^^^^^^^^^^^^^^^^^^^^^^^^^^^^^^^^^^^^^^
    )
    ^
  File "E:\Desktop\VibeCoding\ownerblog\backend\.venv\Lib\site-packages\django\db\backends\utils.py", line 92, in _execute_with_wrappers
    return executor(sql, params, many, context)
  File "E:\Desktop\VibeCoding\ownerblog\backend\.venv\Lib\site-packages\django\db\backends\utils.py", line 100, in _execute
    with self.db.wrap_database_errors:
         ^^^^^^^^^^^^^^^^^^^^^^^^^^^^
  File "E:\Desktop\VibeCoding\ownerblog\backend\.venv\Lib\site-packages\django\db\utils.py", line 91, in __exit__
    raise dj_exc_value.with_traceback(traceback) from exc_value
  File "E:\Desktop\VibeCoding\ownerblog\backend\.venv\Lib\site-packages\django\db\backends\utils.py", line 105, in _execute
    return self.cursor.execute(sql, params)
           ~~~~~~~~~~~~~~~~~~~^^^^^^^^^^^^^
  File "E:\Desktop\VibeCoding\ownerblog\backend\.venv\Lib\site-packages\django\db\backends\sqlite3\base.py", line 360, in execute
    return super().execute(query, params)
           ~~~~~~~~~~~~~~~^^^^^^^^^^^^^^^
django.db.utils.IntegrityError: UNIQUE constraint failed: knowledge_knowledgepipelinejob.idempotency_key
[17/Sep/2026 09:36:31] "POST /api/knowledge/pipeline HTTP/1.1" 500 203787
[17/Sep/2026 09:36:31] "GET /api/knowledge/pipeline/csrf HTTP/1.1" 200 38
Internal Server Error: /api/knowledge/pipeline
Traceback (most recent call last):
  File "E:\Desktop\VibeCoding\ownerblog\backend\.venv\Lib\site-packages\django\db\backends\utils.py", line 105, in _execute
    return self.cursor.execute(sql, params)
           ~~~~~~~~~~~~~~~~~~~^^^^^^^^^^^^^
  File "E:\Desktop\VibeCoding\ownerblog\backend\.venv\Lib\site-packages\django\db\backends\sqlite3\base.py", line 360, in execute
    return super().execute(query, params)
           ~~~~~~~~~~~~~~~^^^^^^^^^^^^^^^
sqlite3.IntegrityError: UNIQUE constraint failed: knowledge_knowledgepipelinejob.idempotency_key

The above exception was the direct cause of the following exception:

Traceback (most recent call last):
  File "E:\Desktop\VibeCoding\ownerblog\backend\.venv\Lib\site-packages\django\core\handlers\exception.py", line 55, in inner
    response = get_response(request)
  File "E:\Desktop\VibeCoding\ownerblog\backend\.venv\Lib\site-packages\django\core\handlers\base.py", line 197, in _get_response
    response = wrapped_callback(request, *callback_args, **callback_kwargs)
  File "E:\Desktop\VibeCoding\ownerblog\backend\.venv\Lib\site-packages\django\utils\decorators.py", line 192, in _view_wrapper
    result = _process_exception(request, e)
  File "E:\Desktop\VibeCoding\ownerblog\backend\.venv\Lib\site-packages\django\utils\decorators.py", line 190, in _view_wrapper
    response = view_func(request, *args, **kwargs)
  File "E:\Desktop\VibeCoding\ownerblog\backend\.venv\Lib\site-packages\django\views\decorators\http.py", line 64, in inner
    return func(request, *args, **kwargs)
  File "E:\Desktop\VibeCoding\ownerblog\backend\knowledge\views.py", line 35, in pipeline_create
    job = KnowledgePipelineJob.objects.create(
        document=document, source_storage_key=f"knowledge/{document.public_id}/source.pdf",
    ...<2 lines>...
        idempotency_key=digest.hexdigest(),
    )
  File "E:\Desktop\VibeCoding\ownerblog\backend\.venv\Lib\site-packages\django\db\models\manager.py", line 87, in manager_method
    return getattr(self.get_queryset(), name)(*args, **kwargs)
           ~~~~~~~~~~~~~~~~~~~~~~~~~~~~~~~~~~^^^^^^^^^^^^^^^^^
  File "E:\Desktop\VibeCoding\ownerblog\backend\.venv\Lib\site-packages\django\db\models\query.py", line 665, in create
    obj.save(force_insert=True, using=self.db)
    ~~~~~~~~^^^^^^^^^^^^^^^^^^^^^^^^^^^^^^^^^^
  File "E:\Desktop\VibeCoding\ownerblog\backend\.venv\Lib\site-packages\django\db\models\base.py", line 902, in save
    self.save_base(
    ~~~~~~~~~~~~~~^
        using=using,
        ^^^^^^^^^^^^
    ...<2 lines>...
        update_fields=update_fields,
        ^^^^^^^^^^^^^^^^^^^^^^^^^^^^
    )
    ^
  File "E:\Desktop\VibeCoding\ownerblog\backend\.venv\Lib\site-packages\django\db\models\base.py", line 1008, in save_base
    updated = self._save_table(
        raw,
    ...<4 lines>...
        update_fields,
    )
  File "E:\Desktop\VibeCoding\ownerblog\backend\.venv\Lib\site-packages\django\db\models\base.py", line 1169, in _save_table
    results = self._do_insert(
        cls._base_manager, using, fields, returning_fields, raw
    )
  File "E:\Desktop\VibeCoding\ownerblog\backend\.venv\Lib\site-packages\django\db\models\base.py", line 1210, in _do_insert
    return manager._insert(
           ~~~~~~~~~~~~~~~^
        [self],
        ^^^^^^^
    ...<3 lines>...
        raw=raw,
        ^^^^^^^^
    )
    ^
  File "E:\Desktop\VibeCoding\ownerblog\backend\.venv\Lib\site-packages\django\db\models\manager.py", line 87, in manager_method
    return getattr(self.get_queryset(), name)(*args, **kwargs)
           ~~~~~~~~~~~~~~~~~~~~~~~~~~~~~~~~~~^^^^^^^^^^^^^^^^^
  File "E:\Desktop\VibeCoding\ownerblog\backend\.venv\Lib\site-packages\django\db\models\query.py", line 1873, in _insert
    return query.get_compiler(using=using).execute_sql(returning_fields)
           ~~~~~~~~~~~~~~~~~~~~~~~~~~~~~~~~~~~~~~~~~~~^^^^^^^^^^^^^^^^^^
  File "E:\Desktop\VibeCoding\ownerblog\backend\.venv\Lib\site-packages\django\db\models\sql\compiler.py", line 1882, in execute_sql
    cursor.execute(sql, params)
    ~~~~~~~~~~~~~~^^^^^^^^^^^^^
  File "E:\Desktop\VibeCoding\ownerblog\backend\.venv\Lib\site-packages\django\db\backends\utils.py", line 122, in execute
    return super().execute(sql, params)
           ~~~~~~~~~~~~~~~^^^^^^^^^^^^^
  File "E:\Desktop\VibeCoding\ownerblog\backend\.venv\Lib\site-packages\django\db\backends\utils.py", line 79, in execute
    return self._execute_with_wrappers(
           ~~~~~~~~~~~~~~~~~~~~~~~~~~~^
        sql, params, many=False, executor=self._execute
        ^^^^^^^^^^^^^^^^^^^^^^^^^^^^^^^^^^^^^^^^^^^^^^^
    )
    ^
  File "E:\Desktop\VibeCoding\ownerblog\backend\.venv\Lib\site-packages\django\db\backends\utils.py", line 92, in _execute_with_wrappers
    return executor(sql, params, many, context)
  File "E:\Desktop\VibeCoding\ownerblog\backend\.venv\Lib\site-packages\django\db\backends\utils.py", line 100, in _execute
    with self.db.wrap_database_errors:
         ^^^^^^^^^^^^^^^^^^^^^^^^^^^^
  File "E:\Desktop\VibeCoding\ownerblog\backend\.venv\Lib\site-packages\django\db\utils.py", line 91, in __exit__
    raise dj_exc_value.with_traceback(traceback) from exc_value
  File "E:\Desktop\VibeCoding\ownerblog\backend\.venv\Lib\site-packages\django\db\backends\utils.py", line 105, in _execute
    return self.cursor.execute(sql, params)
           ~~~~~~~~~~~~~~~~~~~^^^^^^^^^^^^^
  File "E:\Desktop\VibeCoding\ownerblog\backend\.venv\Lib\site-packages\django\db\backends\sqlite3\base.py", line 360, in execute
    return super().execute(query, params)
           ~~~~~~~~~~~~~~~^^^^^^^^^^^^^^^
django.db.utils.IntegrityError: UNIQUE constraint failed: knowledge_knowledgepipelinejob.idempotency_key
[17/Sep/2026 09:36:31] "POST /api/knowledge/pipeline HTTP/1.1" 500 203787
[17/Sep/2026 09:36:31] "GET /api/knowledge/pipeline/csrf HTTP/1.1" 200 38
Internal Server Error: /api/knowledge/pipeline
Traceback (most recent call last):
  File "E:\Desktop\VibeCoding\ownerblog\backend\.venv\Lib\site-packages\django\db\backends\utils.py", line 105, in _execute
    return self.cursor.execute(sql, params)
           ~~~~~~~~~~~~~~~~~~~^^^^^^^^^^^^^
  File "E:\Desktop\VibeCoding\ownerblog\backend\.venv\Lib\site-packages\django\db\backends\sqlite3\base.py", line 360, in execute
    return super().execute(query, params)
           ~~~~~~~~~~~~~~~^^^^^^^^^^^^^^^
sqlite3.IntegrityError: UNIQUE constraint failed: knowledge_knowledgepipelinejob.idempotency_key

The above exception was the direct cause of the following exception:

Traceback (most recent call last):
  File "E:\Desktop\VibeCoding\ownerblog\backend\.venv\Lib\site-packages\django\core\handlers\exception.py", line 55, in inner
    response = get_response(request)
  File "E:\Desktop\VibeCoding\ownerblog\backend\.venv\Lib\site-packages\django\core\handlers\base.py", line 197, in _get_response
    response = wrapped_callback(request, *callback_args, **callback_kwargs)
  File "E:\Desktop\VibeCoding\ownerblog\backend\.venv\Lib\site-packages\django\utils\decorators.py", line 192, in _view_wrapper
    result = _process_exception(request, e)
  File "E:\Desktop\VibeCoding\ownerblog\backend\.venv\Lib\site-packages\django\utils\decorators.py", line 190, in _view_wrapper
    response = view_func(request, *args, **kwargs)
  File "E:\Desktop\VibeCoding\ownerblog\backend\.venv\Lib\site-packages\django\views\decorators\http.py", line 64, in inner
    return func(request, *args, **kwargs)
  File "E:\Desktop\VibeCoding\ownerblog\backend\knowledge\views.py", line 35, in pipeline_create
    job = KnowledgePipelineJob.objects.create(
        document=document, source_storage_key=f"knowledge/{document.public_id}/source.pdf",
    ...<2 lines>...
        idempotency_key=digest.hexdigest(),
    )
  File "E:\Desktop\VibeCoding\ownerblog\backend\.venv\Lib\site-packages\django\db\models\manager.py", line 87, in manager_method
    return getattr(self.get_queryset(), name)(*args, **kwargs)
           ~~~~~~~~~~~~~~~~~~~~~~~~~~~~~~~~~~^^^^^^^^^^^^^^^^^
  File "E:\Desktop\VibeCoding\ownerblog\backend\.venv\Lib\site-packages\django\db\models\query.py", line 665, in create
    obj.save(force_insert=True, using=self.db)
    ~~~~~~~~^^^^^^^^^^^^^^^^^^^^^^^^^^^^^^^^^^
  File "E:\Desktop\VibeCoding\ownerblog\backend\.venv\Lib\site-packages\django\db\models\base.py", line 902, in save
    self.save_base(
    ~~~~~~~~~~~~~~^
        using=using,
        ^^^^^^^^^^^^
    ...<2 lines>...
        update_fields=update_fields,
        ^^^^^^^^^^^^^^^^^^^^^^^^^^^^
    )
    ^
  File "E:\Desktop\VibeCoding\ownerblog\backend\.venv\Lib\site-packages\django\db\models\base.py", line 1008, in save_base
    updated = self._save_table(
        raw,
    ...<4 lines>...
        update_fields,
    )
  File "E:\Desktop\VibeCoding\ownerblog\backend\.venv\Lib\site-packages\django\db\models\base.py", line 1169, in _save_table
    results = self._do_insert(
        cls._base_manager, using, fields, returning_fields, raw
    )
  File "E:\Desktop\VibeCoding\ownerblog\backend\.venv\Lib\site-packages\django\db\models\base.py", line 1210, in _do_insert
    return manager._insert(
           ~~~~~~~~~~~~~~~^
        [self],
        ^^^^^^^
    ...<3 lines>...
        raw=raw,
        ^^^^^^^^
    )
    ^
  File "E:\Desktop\VibeCoding\ownerblog\backend\.venv\Lib\site-packages\django\db\models\manager.py", line 87, in manager_method
    return getattr(self.get_queryset(), name)(*args, **kwargs)
           ~~~~~~~~~~~~~~~~~~~~~~~~~~~~~~~~~~^^^^^^^^^^^^^^^^^
  File "E:\Desktop\VibeCoding\ownerblog\backend\.venv\Lib\site-packages\django\db\models\query.py", line 1873, in _insert
    return query.get_compiler(using=using).execute_sql(returning_fields)
           ~~~~~~~~~~~~~~~~~~~~~~~~~~~~~~~~~~~~~~~~~~~^^^^^^^^^^^^^^^^^^
  File "E:\Desktop\VibeCoding\ownerblog\backend\.venv\Lib\site-packages\django\db\models\sql\compiler.py", line 1882, in execute_sql
    cursor.execute(sql, params)
    ~~~~~~~~~~~~~~^^^^^^^^^^^^^
  File "E:\Desktop\VibeCoding\ownerblog\backend\.venv\Lib\site-packages\django\db\backends\utils.py", line 122, in execute
    return super().execute(sql, params)
           ~~~~~~~~~~~~~~~^^^^^^^^^^^^^
  File "E:\Desktop\VibeCoding\ownerblog\backend\.venv\Lib\site-packages\django\db\backends\utils.py", line 79, in execute
    return self._execute_with_wrappers(
           ~~~~~~~~~~~~~~~~~~~~~~~~~~~^
        sql, params, many=False, executor=self._execute
        ^^^^^^^^^^^^^^^^^^^^^^^^^^^^^^^^^^^^^^^^^^^^^^^
    )
    ^
  File "E:\Desktop\VibeCoding\ownerblog\backend\.venv\Lib\site-packages\django\db\backends\utils.py", line 92, in _execute_with_wrappers
    return executor(sql, params, many, context)
  File "E:\Desktop\VibeCoding\ownerblog\backend\.venv\Lib\site-packages\django\db\backends\utils.py", line 100, in _execute
    with self.db.wrap_database_errors:
         ^^^^^^^^^^^^^^^^^^^^^^^^^^^^
  File "E:\Desktop\VibeCoding\ownerblog\backend\.venv\Lib\site-packages\django\db\utils.py", line 91, in __exit__
    raise dj_exc_value.with_traceback(traceback) from exc_value
  File "E:\Desktop\VibeCoding\ownerblog\backend\.venv\Lib\site-packages\django\db\backends\utils.py", line 105, in _execute
    return self.cursor.execute(sql, params)
           ~~~~~~~~~~~~~~~~~~~^^^^^^^^^^^^^
  File "E:\Desktop\VibeCoding\ownerblog\backend\.venv\Lib\site-packages\django\db\backends\sqlite3\base.py", line 360, in execute
    return super().execute(query, params)
           ~~~~~~~~~~~~~~~^^^^^^^^^^^^^^^
django.db.utils.IntegrityError: UNIQUE constraint failed: knowledge_knowledgepipelinejob.idempotency_key
[17/Sep/2026 09:36:31] "POST /api/knowledge/pipeline HTTP/1.1" 500 203787
